Title,Content
甜原油 & 酸原油,原油品質的好壞有一部份是看它『含硫量』(sulfur content) 的多寡而定， 為了分類方便，業者習慣將原油分為『甜的』(sweet crudes) 和『酸的』(sour crudes) 兩種。 為什麼會和味道有關呢？ 原因是早期石油主要是用來取代『鯨油』(whale oil)，用來生產室內照明專用的『燈油』(lamp oil)，如果燈油的含硫量太高，燃燒時就會有難聞的氣味。 當時決定油品是否適合送往都會區販賣就是用『嚐』的，如果品嚐的人認為某批油是甜的，就過關；如果是酸的，就表示含硫量過高，不適合當燈油用。 目前號稱甜的油，含硫量大約都在 0.5% (含)以內，超過2.5％ 就很『酸』了。
耶誕樹,"耶誕樹指的是油氣生產井的井口裝置。

這是油氣井最主要的控制部分，包括油管串座頭、主閥 (T型或十字型) 接頭、側翼閥等。油氣井的開關及產量大小都是由「耶誕樹」控制。"
甚麼是石化工業,"你對石化工業了解有多少？

它跟你又有什麼關係呢？

前言

台灣在比例尺五十萬分之一的世界地圖上，幾乎是看不見的。然而在國際上因著M.I.T. (Made in Taiwan) 的響亮，世人莫不稱道：在台灣的經濟建設簡直就是奇蹟。台灣的成衣、鞋類、玩具、運動器材等，每年為國家賺取大量外匯，提高國民所得，使我們獲得了「台灣 錢淹腳目」的美譽。

有許多人知道台灣的富裕是經濟建設的成果，但是有不少人卻忽略了石化工業是我國經濟建設的特徵之一，從業人員達七十萬人以上，每年在外貿上所賺取的 外匯也拔各類工業產品之頭籌。事實上，我們可以說台灣經濟成長的火車頭就是石化工業。以下我們將以深入淺出的方式讓大家認識台灣的石油化學工業。

什麼是石化工業？

什麼是石油化學工業？簡單地說，就是把石油或天然氣變成材料（如塑膠、橡膠、纖維、化學品等），再將這些材料加工成為日常用品（如鞋子、輪胎、衣服、油漆等）的工業。

石化工業的範圍包括石化基本工業及石化依賴工業，其中石化本工業屬石化工業的上游和中游廠商，包括石化原料業、化學肥料業、人造纖維業、合成樹脂及塑膠業 等，而石化依賴工業則屬石化下游廠商也括油漆業、清潔用品業、人造纖維紡織業、針織業、橡膠製品業等與我們的食、衣、住、行均有密切關係。

目前政府雖將資訊、電子、汽車工業等列入策略性工業，但這些精密產品的硬體部份如零件、外殼、輪胎、化學品，約有60％至70％來自石化工業。因此石化工業是關鍵性工業，像是個神奇的魔術師將來自地底的油氣變成高附加價值的日用品，使我們享有多彩多姿的生活。

由石油或天然氣製造出來的石化基本原料如甲烷、乙烷、乙烯、丙烯、丁二烯、苯、甲苯、二甲苯等，經過特定製造程序，可先製得中間原料，此中間原料經 過聚合 (Polymerizatio) 、酯化 (Esterification)、烷化 (Alkylation) 等製造過程可得塑膠 (Plastics) 、橡膠 (Rubbers) 、合成纖維 (Synthetic Fibers) 及化學品如清潔劑、黏著劑、溶劑、肥料等。

石化工業與民生

由於石化工業蓬勃發展，石化產品普遍使用於日常生活中，大大提高一般國民生活水準。

在食的方面

由於石化工業提高了農產品及 畜產品的生產效率而充份改善了國人食的需求。以稻米生產為例，由於化學肥料及農業化學品的施用增加了稻米產量。以家畜飼養為例，由於飼料中氨基酸含量的增 加，使家畜成長快速，提高了農民之生產力。此外由於塑膠製品廣泛使用於食品包裝中，更大幅改善了國人的食品衛生。

在衣的方面

由 於石化工業以低成本、高效率生產大量合成纖維才有今天各種價廉物美的衣著。一座合成纖維廠佔地約一個足球場大（合5000平方公尺）即可年產纖維九萬噸， 如種植棉花則需土地1600平方公里（比台北還大），如係羊毛，則需牧地40,000平方公里（比台灣還大）。我國自民國五十三年開始發展合成纖維，如今 以加工製成的各類紡織品揚名於國際。

在住的方面

建築業為僅次於包裝業的塑膠用戶，各式配管、壁面、牆板、油漆以及家具等都少不了石化產品。

在行的方面

就輪胎所使用的橡膠而言，天然橡膠非以合成橡膠來取代不可，因為若以百分之百的天然橡膠來製造輪胎，則土地與勞力的問題將難以想像。因為每年生產200,000噸天然橡膠之土地，足足可以生產供應250,000人口之米、小麥、大豆等糧食。

在娛樂方面

此外石化工業在提供娛樂設備、醫療藥品及清潔劑、化妝品等，也有顯著的貢獻。

總之，石化製品已成為人類生活中的必需品，缺少了它，人類文明的發展將不可能如此快速。

巧婦難為無米之炊

上游石化原料廠設立之必要性

如上所述，石化工業無論在國民生活、經貿以及就業市場上都有它顯著的地 位。大家都同意，我國石化工業的發展是一種「逆向整體化」 (Backward Integration) 的發展，也就是說先發展紡織、塑膠等輕工業，而這些工業所需的原料，都是從國外進口的，在這過程中慢慢感覺到原料取得的困難而產生由國內自行製造中間原料 的迫切需要，於是政府乃積極發展石化工業之中、上游工廠。

相信你已了解石化工業對我們的經濟與生活的重要性

相信你已了解石化工業對我們的經濟與生活的重要性

然而

我們也絕不能忽視另一項更重要的工作"
接收站,接收液態天然氣進儲槽保冷及存放的地方。
真空蒸餾,蒸餾工場之塔底重油，加熱至740℉於低於一大氣壓下，使油料在低於其裂解溫度下進行蒸餾，再提取較高價值之輕質油料，如輕質製氣油(LVGO)、中質製 氣油(MVGO)、重質製氣油(HVGO)、柏油(Asphalt)。輕質製氣油可以當重柴油用。中質製氣油經加氫脫硫，可作為低硫份燃料油或媒裂工場進 料產製高辛烷值汽油。
凝結油,天然氣氣層之流體於生產過程中，由於降溫降壓導致天然氣中之部份成份凝結成液態油，稱之為凝結油，與一般原油比較，其顏色較淡，比重較輕。
開關站,輸氣幹線及環線或配氣總管具關斷、隔離設備之作業場所。
聚丙烯(PP),以丙烯當原料聚合而成，主要產品有編織袋、纖維、汽車零件、容器等。
衝噴(Kick),衝噴乃井眼泥漿柱壓力低於地層壓力，致地層內流體進入井眼，且其流入量已超過容許之範圍，而若不加以機械控制則有繼續增加流入量而終致演變成井噴(Blowout)。
車用氣,以進口高品質液化石油氣（LPG）供車輛燃料用。
油漆溶劑,油漆溶劑為一種成份介於芳香烴與脂肪烴間的溶劑，國內俗稱「松香水」，主要用途為油漆稀釋劑、傢具塗料、烤漆使用、油墨調劑。其中芳香烴含量約佔 40~60%，沸點在121℃~182℃。使用時必須按照勞動部及內政部頒佈之有關有機溶劑中毒預防規則及勞工安全衛生設施規則審慎使用。
火炬商標由來,"台灣中油股份有限公司前身為中國石油有限公司，民國35年6月1日創立於上海市，係合併資源委員會甘肅油礦局、四川油礦局並接收台灣與東北有關石油之產業組織而成，直隸資源委員會。同年12月本公司產品商標圖案依據上海總公司公文及彩色三環圖檔，制定以火炬及三圈含資之圖樣為商標（

民國38年中油公司經董事會決議改遷台灣，41年9月前資源委員會奉令裁撤，本公司改隸經濟部，公司名稱由中國石油有限公司歷經改組變更為中國石油股份有限公司、至現行之台灣中油股份有限公司。惟中油火炬商標，因已註冊且廣泛使用多年，至今仍維持原樣未變。"
流動點(Pour Point),當油料冷卻至某溫度後，將失去其流動性，此溫度稱之為流動點。
半合成機油(SYNTHETIC),其基礎油為兩種油類做比例性添加，再加入特定的添加劑提升其油質與穩定性，不過製造廠商需要注意的是摻配比例的拿捏，所以在選擇半合成油時，最好選擇知名廠商的產品較有保障。
一、引擎機油的分類,"依據引擎工作原理的不同，常用車輛用引擎機油可以分為四行程汽油引擎機油、四行程柴油引擎機油，機車用引擎機油可以分為四行程汽油引擎機油(簡稱四行程機車機油)、二行程汽油引擎機油(簡稱二行程機車機油) (註:行政院環境保護署禁止未符合新的使用中車輛排放標準之二行程機車行駛)。

依據引擎工作原理的不同，常用車輛用引擎機油可以分為四行程汽油引擎機油、四行程柴油引擎機油，機車用引擎機油可以分為四行程汽油引擎機油(簡稱四行程機車機油)、二行程汽油引擎機油(簡稱二行程機車機油) (註:行政院環境保護署禁止未符合新的使用中車輛排放標準之二行程機車行駛)。

最早進行引擎機油性能等級分類的是美國，由美國石油協會(API)與美國汽車工程師協會(SAE)、美國試驗及材料協會(ASTM)共同提出了引擎機油性能及使用的分類。歐洲由於他們生產的引擎、行車型態、要求條件等與美國相差甚遠，所以採行一套獨立的環保規定、引擎設計和機油配方策略，因而由歐洲汽車製造商協會(ACEA)發展出一系列的引擎機油的標準與要求，以要求引擎機油必須達到最低性能標準，稱為ACEA引擎機油規範。目前全球仍以美國API分類系統最被廣泛使用。

API根據引擎類型(汽油和柴油)與性能等級對引擎機油進行分類︰

1.汽油引擎機油(適用於配備汽油引擎的轎車、廂式貨車和輕型卡車)：

針對汽油引擎而設計的機油，屬於API的“S”（服務Service）類別，由早期的SA、SB級(已廢止)SL、SM級發展至目前最高等級""SP""。

2.柴油引擎機油(適用於配備柴油引擎的重型卡車和汽車)：
針對柴油引擎而設計的機油，屬於API的“C”（商業Commercial）類別，由早期的CA、CB、CF、CF-2、CF-4、CG-4級(已廢止)發展至目前的CH-4、CI-4、CJ-4、CK-4。機車用引擎的核心動力系統的設計與結構是與一般車輛用引擎有所不同，機車引擎有其特殊的潤滑需求，因此建議使用專為機車引擎的機械結構和運轉條件所設計的引擎機油(尤其二行程機車機油是無法與四行程機車機油混用)。所以日本車輛標準組織學會(JASO)針對四行程(JASO MA、MA1、MA2)與二行程(JASO M345、FD)機車機油的要求訂定規範，這是目前全球最具代表性的機車機油規範。

二、引擎機油的選用祕訣

1. 參考您的車輛使用手冊所建議的機油性能等級。

2. 遵循車輛製造商所建議的里程來換油。

3. 依據當地氣溫，選用適當的黏度。

4. 需補油時，請用相同黏度等級和相同性能等級的機油(建議使用相同廠牌產品)、以確保機油的性能水準。"
API比重,"用在表示油料的比重，其公式為：

API

=

141.5
比重(60/60° F)

-

131.5

依上面公式，水的API = 10，而API越大，表示油料越輕，API越小，表示油料越重。"
芳香烴(Aromatics),分子結構中含有苯環之烴類，包括苯及苯的衍生物。
98無鉛汽油,"98無鉛汽油介紹

本公司自八十八年六月一日起開始供九八無鉛汽油，目前加油站販售的汽油計有92、95、98三種無鉛汽油。這三種無鉛汽油除了辛烷值不同外其他性質大致相似，92、95、98代表研究法辛烷值(RON)分別是92、95和98。

辛烷值是汽油抗爆震性能的量度。所謂爆震(Knocking)是指汽車引擎內發生不正常的燃爆。連續的爆震容易燒壞氣門、活塞等機件。在設計時，不同的汽 車引擎已考慮要使用特定辛烷值的汽油以避免爆震現象產生。測量汽油辛烷值方式是將高抗爆震的異辛烷(2、2、4三甲基戊烷)，辛烷值設定為100；低抗震 爆的正庚烷，辛烷值設定為0。以不同比例混合成標準油。用CFR引擎測量被測汽油與標準油之爆震強度作為比對，以取得相同爆震點。被測汽油辛烷值相當於相 同爆震強度之標準油中異辛烷所佔之百比分。譬如95無鉛汽油之抗爆震強度相當於標準油中含有95%的異辛烷及5%的正庚烷之抗爆震強度。

車輛對辛烷值的需求主要來自引擎的壓縮比設計。汽車製造廠以提高引擎壓縮比來縮小引擎體積，增加單位體積所能產生的馬力，目前最普通的壓縮比在9－11。 但點火角度及其他外在因素如大氣溫度、壓力和濕度也會影響車輛辛烷值需求值。例如提前點火正時2度，可增加辛烷值需求值0.5－1單位。故選擇適用於引擎 速度範圍內的點火正時是非常重要的。新車通常在行駛10000至15000英里後達到最大辛烷值需求，燃燒室積汙實質上亦會增加辛烷值需求。引擎設計者對 車輛辛烷值需求之設定值均會將這些因素列入考量，以確保駕駛順暢。

選用汽油應依照原廠建議。車輛選用之汽油辛烷值只能比原廠建議值高，不能低。車輛使用較其引擎辛烷值需求為低的汽油會造成不正常燃燒，導致爆震，但在風切 及引擎噪音下，駕駛者易忽視，長期則會損害引擎。現美、日進口車及國產車使用92或95無鉛汽油；部份歐洲進口車原設計為使用98汽油，但進口商已作調 整，以適用95無鉛汽油。有些廠牌例如Benz，除要求研究法辛烷值(RON)要95以上；並要求馬達法辛烷值(MON)85以上。這些廠牌進口車部份在 使用95無鉛汽油時，偶爾還有爆震現象，特別是在爬坡或天氣熱的時候。進口車代理商建議這些車輛自行加添加劑以改善此問題。若使用98無鉛汽油這些車輛就 不會再有爆震現象，也不必再加添加劑了。如果調回原設計值則更能發揮原設計之性能。至於國產車中華(Mitsubishi)小客車及休旅車用95，小貨車 用92；福特及裕隆多數建議使用95。尚無使用98之需要。使用較設計辛烷值高的汽油並不會增加馬力。"
天然氣之計量單位，每一立方公尺為一度。,
熱耗率(Heat Rate),燃料轉換為電力之效率數值。於天然氣通常以Btu/kWh為單位。熱耗率視各個電廠之設計、操作條件及其電力生產程度而定。熱耗率越低代表電廠效率越高。
CP (Contract Price),沙烏地阿拉伯國營石油公司每月底公告之次月裝貨港離岸(FOB)合約價格(Contract Price)，簡稱CP。
斷層(Fault),"斷層是一種地層受力作用而產生破裂且有相對移動的變形行為，兩側岩層沿著破裂面（斷層面）發生相對移動，或上下或前後左右，依斷面傾斜角度將兩側岩層分為上盤及下盤，主要斷層分類以相對移動而定，分為：

正斷層：上盤對下盤相對向下移動。

逆斷層：上盤對下盤相對向上移動。

橫移斷層：以觀測者面對斷層相對之左右移動。

斷層的活動往往造成地震的發生，如最近四川汶川大地震為龍門山斷層帶活動所造成，以及台灣921大地震主要活動斷層為車籠埔斷層，像這樣斷層活動所造成的淺源地震往往造成重大的災害。"
旋轉鑽法(Rotary Drilling),旋轉鑽法使用滾齒鑽頭(Rolling Type Bit)，並於鑽頭上加以適當之重量施行鑽進。鑽頭與鑽鋌(Drill Collars)及鑽桿(Drill Pipes)連接，並由鑽鋌及鑽桿傳動所需之旋轉扭力，使鑽頭旋轉鑽鑿地層。
正烷烴(Normal Paraffin),由煤油中分離出來之石化中間原料，其用途相當廣泛，經過不同之加工製造過程可分別得到直鏈式烷基苯(LAB)、氯化蠟、溶劑、清潔劑用醇、檸檬酸、正烷烴 磺酸鹽等各型產品。一般目前主要用於軟性清潔劑原料直鏈式烷基苯製造用，且由於近年各國的環保問題受到重視，生物分解性較強之軟性清潔劑的使用已為必然之 趨勢，以往污染性較大之硬性清潔劑的使用將為軟性清潔劑所取代，作為軟性清潔劑主要原料的直鏈式烷基苯及其磺酸鹽其需求量將穩定成長。
蓋岩(Cap rock),有了生油岩及儲集層，當然儲集層上部還必須要有一個冠頂，以便圍合，使油氣不致跑掉、漏失，這一岩層就叫做蓋岩。通常蓋岩能封合的範圍就叫封閉（trap）。封閉範圍越大，儲存的油氣量也越多。蓋岩通常都由很緻密、不透水的頁岩層所組成。
野貓井,在未曾鑽探過油氣的地區鑽鑿的探井在石油探勘上就稱為「野貓井」(wildcat well)。此語係源於早期在美國德州鑽井時的當地俚語，猶如我國俗稱的「瞎貓碰到死耗子」，在看不見的地下地層找尋油氣，真是猶如大海撈針般的困難。
Henry Hub (HH),靠近美國路易斯安那州ERATH地區之州際及州內天然氣管線交會處，經由Sabine 管線操作之主要管線系統。為美國NYMEX天然氣期貨交易市場上慣用之標準交運點，亦為美國灣區天然氣指標價之標準交運點。
苯乙烯(SM),以苯及乙烯當原料製造而成，主要產品有保麗龍、家電外殼、保溫襯裡等。
石油焦,石油焦是原油經蒸餾所餘重質油料再經熱裂之殘餘物黑色固體。
石油名詞中英文對照表,中文名稱 英文名稱 產品類別 美國石油地質學家協會 AAPG(American Association of Petroleum Geologists) 石油名詞 廢棄井 abandoned well 石油名詞 石油聚集 accumulation of oil 石油名詞 酸性岩類 acidic rock 石油名詞 酸處理 acid treating 石油名詞 井內酸處理 acid treatment of well 石油名詞 聲波 acoustic wave 石油名詞 添加物 additive 石油名詞 風化 aeolian deposit 石油名詞 二次燃燒 afterburning 石油名詞 集塊岩 agglomerate 石油名詞 空氣污染 air pollution 石油名詞 黑瀝青 albertite 石油名詞 碱性岩類 alkali rock 石油名詞 沖積層 alluvial deposits 石油名詞 美國石油協會 API(American Petroleum Institute) 石油名詞 背斜 anticline 石油名詞 防鏽油 antirusting oil 石油名詞 美國材料試驗協會 ASTM(American Society for Testing and Materials) 石油名詞 車用機油 automotive engine oil 石油名詞 玄武岩 basalt 石油名詞 基礎油 base oil 石油名詞 瀝青 bitumen 石油名詞 井噴 blowout 石油名詞 防噴器 BOP(blowout preventer) 石油名詞 鍋爐 boiler 石油名詞 井底壓力 bottom hole pressure 石油名詞 殘渣油 bottom residue 石油名詞 剎車油 brake fluid 石油名詞 船用重油 bunker 石油名詞 觸媒 catalyst 石油名詞 媒組 catalytic reforming 石油名詞 煤田 coal field 石油名詞 岩心分析 core analysis 石油名詞 裂解汽油 cracked gasoline 石油名詞 裂解法 cracking process 石油名詞 原油 crude 石油名詞 原油 crude oil 石油名詞 原油裂解 crude oil cracking 石油名詞 塗料柏油 cut back asphalt 石油名詞 脫氫 dehydrogenation 石油名詞 密度 density 石油名詞 井架 derrick 石油名詞 開發井 development well 石油名詞 柴油 diesel oil 石油名詞 定向井 directional well 石油名詞 發現井 discovery well 石油名詞 分餾油 distillate 石油名詞 蒸餾 distillation 石油名詞 鑽井 drilling 石油名詞 環境評價 EA(Environmental Assessment) 石油名詞 節約能源 energy conservation 石油名詞 評價井 evaluation well 石油名詞 探勘 exploration 石油名詞 採勘井 exploratory well 石油名詞 萃取物 extract 石油名詞 萃取 extraction 石油名詞 加油站 filling station 石油名詞 閃火點 flash point 石油名詞 浮筒 float 石油名詞 浮頂油槽 floating roof tank 石油名詞 自噴井，自流井 flowing well 石油名詞 流體媒裂法 fluid catalytic cracking 石油名詞 礦物燃料 fossil fuel 石油名詞 分餾 fractionation 石油名詞 燃料油 fuel oil 石油名詞 加侖 gallon 石油名詞 汽油 gasoline 石油名詞 氣層 gas reservoir 石油名詞 地球化學探勘 geochemical exploration 石油名詞 地球化學探勘 geochemical prospecting 石油名詞 地球物理探勘 geophysical exploration 石油名詞 地球物理探勘 geophysical prospecting 石油名詞 重油 heavy oil 石油名詞 重油裂解 heavy oil cracking 石油名詞 碳氫化合物 hydrocarbon 石油名詞 加氫裂解 hydrocracking 石油名詞 加氫裂解法 hydrocracking process 石油名詞 惰性氣體 inert gas 石油名詞 易燃氣體 inflamable gas 石油名詞 注入井 injection well 石油名詞 異構物 isomer 石油名詞 異構化 isomerization 石油名詞 噴射機燃油 jet fuel 石油名詞 合資公司 joint venture 石油名詞 侏羅紀 Jurassic period 石油名詞 壓井 kill (a well) 石油名詞 爆震 knocking 石油名詞 管路鋪設 laying of pipeline 石油名詞 輕質原油 light crude 石油名詞 輕質石油腦 light naphtha 石油名詞 液化天然氣 LNG(liquefied natural gas) 石油名詞 液化石油氣 LPG(liquefied petroleum gas) 石油名詞 甲烷 methane 石油名詞 甲醇 methanol 石油名詞 車用機油 motor oil 石油名詞 泥漿 mud 石油名詞 多效潤滑油脂 multi purpose grease 石油名詞 石油腦，輕油 naphtha 石油名詞 石油腦裂解 naphtha cracking 石油名詞 石油腦重組 naphtha reforming 石油名詞 國營石油公司 national petroleum company 石油名詞 天然氣 natural gas 石油名詞 阿拉伯石油輸出國家組織 OAPEC(Organization of Arab Petroleum Exporting Countries) 石油名詞 辛烷直 octane number 石油名詞 海域鑽井 offshore drilling 石油名詞 石油焦 oil coke 石油名詞 石油工業 oil industry 石油名詞 煉油廠 oil refinery 石油名詞 油井 oil well 石油名詞 石油輸出國家組織 OPEC(Organization of Petroleum Exporting Countries) 石油名詞 石油化學工業 petrochemical industry 石油名詞 石油化學產品 petrochemicals 石油名詞 石油地質學 petroleum geology 石油名詞 石油工業 petroleum industry 石油名詞 石油產品 petroleum products 石油名詞 管線 pipeline 石油名詞 牌價 posted price 石油名詞 高級汽油 premium gasoline 石油名詞 生產井 production well 石油名詞 定性分析 qualitative analysis 石油名詞 品質管制 quality control 石油名詞 定量分析 quantitative analysis 石油名詞 煉油廠 refinery 石油名詞 煉油 refining 石油名詞 重組汽油 reformate(reformed gasoline) 石油名詞 重組 reforming 石油名詞 蘊藏量 reserves 石油名詞 油層 reservoir 石油名詞 殘餘油 residual oil 石油名詞 權利金 royalty 石油名詞 震測探勘 seismic survey 石油名詞 自助加油站 self-service station 石油名詞 加油站 service station 石油名詞 粗蠟 slack wax 石油名詞 溶劑 solvent 石油名詞 含硫原油 sour crude 石油名詞 比重 specific gravity 石油名詞 儲槽 storage tank 石油名詞 硫份，含硫量 sulfur content 石油名詞 無硫原油 sweet crude 石油名詞 油輪 tanker 石油名詞 油罐車 tank lorry 石油名詞 柏油，焦 tar 石油名詞 輸油站，輸氣站 terminal 石油名詞 二行程機油 two cycle engine oil 石油名詞 最終開採量，最大總產量 ultimate recovery 石油名詞 無鉛汽油 unleaded gasoline 石油名詞 減黏 visbreaking 石油名詞 黏度 viscosity 石油名詞 黏度指數 viscosity index 石油名詞 含水層 water-bearing bed 石油名詞 井口 well head 石油名詞 測井 well logging 石油名詞 井場，井位 well site 石油名詞 野貓井，探井 wildcat 石油名詞 二甲苯 xylene 石油名詞 鑽工 yellow hammer 石油名詞 沸石 zeolite 石油名詞
烯烴(Olefins),化學通式為CnH2n，其分子結構中有兩個相鄰碳原子彼此間以雙鍵結合，如乙烯、丙烯、丁二烯等。
熱值(Heating Value),一單位數量的燃料完全燃燒時產生的熱量。熱值可分兩種，總熱值 (the gross (high) heating value (GHV or HHV)，燃燒物質後冷卻至標準狀態時之所有熱能，且包含形成水蒸氣所需之熱能(潛能)。(固態轉液態或液態轉氣態所需之額外熱能(潛能，latent heat))；淨熱值 (the net (low) heating value (NHV)): 總熱值扣除潛能後之熱值。
"溫室氣體(Greenhouse Gas, GHG)或溫室效應氣體",係指大氣中促成溫室效應的氣體成分，包括水氣（H2O），水氣所產生的溫室效應大約佔整體溫室效應的60~70%，其次是二氧化碳（CO2）大約佔 26%，其他還有臭氧（O3）、甲烷（CH4）、氧化亞氮（又稱笑氣，N2O）、氟氯碳化物（CFCs）、全氟碳化物（PFCs）、氫氟碳化物 （HFCs），含氯氟烴（HCFCs）及六氟化硫（SF6）等。近年來最引人注意的反常全球氣溫快速上升，主要是由於人為作用，使大氣中溫室氣體的濃度急 劇上升所導致的。人類近代歷史上的溫室效應，與過去相比特別的顯著，全球暖化即適用於形容現在的異常情形。工業革命以來，人類燃燒化石燃料而使二氧化碳含 量急劇增加，近十年來增加將近30%；其次是甲烷，從飼養牲畜的糞便發酵，污水洩漏，稻田糞肥發酵等活動產生的；還有許多人類合成的，自然界原本不存在的 氣體，如氟里昂。溫室氣體的增加，加強了溫室效應，是造成全球暖化的主要原因，已成為世界各國家的共識，也是一種全球性的污染，京都議定書正是為了採取措 施減少溫室氣體排放，由聯合國發起，世界各國達成的協議。
鑽頭(Bit),鑽頭為鑽井中直接與岩層接觸、刮削地層之工具，組接於鑽鋌(Drill Collars)下方，藉鑽串(Drill String)傳遞重量及旋轉扭力，壓碎並刮削岩層。需視地層選用適當之鑽頭，方能得到最佳之鑽進率。主要的鑽頭型式有刮刀鑽頭(Drag Bit)、滾齒鑽頭(Rolling Type Bit)、金剛石鑽頭(Diamond Bit)…等。在鑽井工程中最常用的為三錐滾齒鑽頭( Tri-cone Rolling Type Bit)。
油的來源,"在這無垠的宇宙中

並不是每一顆星球都有石油的存在

因為

並不是每一顆星球都有生命

也許

...茫茫星海中...

蔚藍的地球就是那唯一的一顆

油氣的形成

大約46億年前，地球在宇宙間生成，20億年前，地球上出現了最簡單的單細胞生命體，從此地球上就有了生物的寄存。

推算在數億年前，大量的浮游生物及動植物死亡之後他們的殘骸，堆積在海底下逐漸形成沈積物，由於沈積物的重量，使這地區因而持續下陷，形成了沈積盆地。這 些埋藏在沈積盆地內的動植物殘骸，在缺氧環境下經細菌作用將碳水化合物中的氧逐漸消耗掉，再隨著埋藏深度的增加，溫度與壓力也相對提高，經過數百萬年後， 有機物逐漸受熱裂解出油氣，但並不是每一個沈積盆地都可以產生油氣，要看生油岩層所含油母質的種類及其成熟度而定。由於當初沈積環境的不同，則有形成氣態 的天然氣、液態的石油與固態的煤炭差異。一般而言，可以生油的岩層稱為生油層如頁岩、泥岩。

油氣的移棲

當油氣形成後，因生油岩層，通常無適當的孔隙可儲積油氣，它必須儲存在多孔隙，且這些孔隙必需互相連通的岩層裡，如砂岩、石灰岩等。

油氣從生油層第一次移棲到儲油層靠的是毛細管作用。再因油、氣、水比重之不同而產生的浮力及壓力梯度作用，作第二次移棲。整個移棲的路途中，如遇到適當的地質封閉構造，則油氣將大量的聚集在此封閉構造內，而形成具有經濟價值的油氣田。

儲油氣構造

沈積盆地形成後，長期受無數次的地殼運動，會產生各種不同的地質構造，一個良好的儲存油氣的封閉構造，除應具有良好的孔隙率及滲透率的儲油層外，此儲油層 的上方必須有緻密不透油、氣、水的岩層，如頁岩、泥岩等，這就是所謂的蓋層，其作用為封蓋住進來的油氣，不讓油氣向上逃逸。

一般常見的儲油氣封閉構造依其型態可分為構造封閉如背斜、斷層等，及地層封閉，聯合封閉。

目前大多數的油氣田都在構造封閉內發現，因其最易發現，未來探勘的目標將指向地層封閉及聯合封閉的目標努力。

油氣的探勘

大部份的油氣都蘊藏在較深的儲油氣構造裡，因此找尋這些構造需要較精密的測勘方法，常用的方法有地質調查、地球物理測勘及地球化學測勘等方法。

地質調查是由地質人員到山地去尋找地層露頭，詳查地層層次及地質構造，並採取具有代表性的岩石和化石標本作室內研究，最後根據調查所得資料，繪製地面地質圖及地下構造圖，供研判有無儲積油氣的構造

地球物理測勘是應用物理學的原理和方法，測定岩石的物理性質變化，一般分為重力測勘及震波測勘。目前最常用也較精確的一種方法是：震波測勘─利用地下各種 岩層具有不同之彈性與密度，震波傳導的速度因而有快慢之別，且能產生反射現象，由其震波傳遞回來的時間可推算岩層之深度及厚度，從而測繪出各地層的地下地 質構造。

地球化學測勘是藉生油岩評估及生油岩與油氣對比，推測生油的沈積層位及油氣移棲之途徑，以確定最有利的鑽探地點。

油氣鑽井及生產

當測勘人員找到可能儲積油氣構造後即需在構造的高區勘定井位，並進行鑽井工作。鑽進時是以鑽頭接管串，以旋轉的方式鑽碎岩層，並利用泥漿循環，將鑽屑帶出 地面，在鑽到相當深度時就需下套管保護井壁，並用水泥將套管外壁與地層密封以防油氣洩漏。當鑽達目標層後，則立刻進行各種測試。如果經過測試證實具有採收 價值時，則分別於地下或地表安裝採收及處理設備，將原來埋藏在地下之油氣導引至地面，然後經由管線輸送至汽油廠或直接銷售到市場。

油氣處理及用途

剛開採出來的油氣，因為含有多種成份，不能馬上使用，需經過處理產生多種不同用途的產品，如分餾成天然氣、液化氣、汽油、柴油、重油等。

自第一次世界大戰後，由於石油裂解科技的突破，從此成分複雜的石油可以透過高深的技術，衍生出千百種用途的石化原料。石化產品常以各種不同的面貌呈現在人們生活四週，但很多人常常不知道那竟是從石油變化而來的。

人類開採石油

不過短短一、二百年的歷史

卻已經將這億萬年的遺產用掉大半

而若非這幾十年來

發現石油在石化業上的用途

可能也只是將它當作燃料

廉價地消耗掉罷了

但千真萬確的是

石油來之不易而且所剩不多！"
海域平台,孤立於海洋之油氣開發及生產結構物，型式種類多樣，適合不同海水深度，水深100公尺內多為鋼鐵結構體，打樁固定於海床，設計強度必須能耐地震、巨浪及強風，平台上包括油氣生產及處理設備、發電設施、海水淡化設備及逃生設備等，猶如海上城市。
配氣總管,配氣站至供氣區域內之配氣主管線。
休旅車、商用車機油何異? CH4、E3、C3 何意?,"我們將引擎機油分為汽油及柴油，休旅車及商用車應以使用燃料來區分其引擎機油，針對汽油引擎機油美國石油學會 (API) 以字首 ""S"" 來表示，如休旅車 SL 專用機油;而柴油引擎機油 API 以字首 ""C"" 來表示，歐規以字首 ""D""、""E""，如超優 CI4 車用機油 (API命名)、超優 E3 合成油(歐規命名)，歐規 目前另訂有輕型柴油引擎機油規範如 C3。"
Take or Pay (TOP),買賣契約條款中要求買方無論能否卸收，皆需就一定數量之天然氣(或液化天然氣)支付貨款。
British Thermal Unit (Btu),"熱能單位，使一磅的水於標準狀態下(華氏32度30英吋水銀柱(30 inches of mercury at 32 F)) ，華氏溫度上升1度(58.5至59.5)所需之熱能 ，1BTU相當於1,055.06焦耳或0.25195千卡(Kcal)。"
酒精汽油,本公司新上市的酒精汽油是添加3%生質酒精於汽油之中，一般稱為(E3)酒精汽油。酒精有促進燃燒的效果，可降低車輛廢氣中的一氧化碳、碳氫化合物等污染 物排放量，改善空氣品質，有助於二氧化碳減量，減緩地球暖化現象，是符合現代環保概念的再生能源。車輛如以E10(即10%的酒精與90%的汽油混合)以 下為燃料，汽車幾乎不需要做任何修改；E3以下酒精汽油與市售汽油進行引擎測試比較，在引擎馬力、扭力、油耗等方面，兩者油品之間的差距不大。
一桶油,一桶有多少加崙？根據石油野史，早期美國賓州石油的運送都是裝在 50 加崙的酒桶內，再利用馬車或台車送到市場販賣，扣掉路途過程所濺出的部份，目的地的買方只願付 42 加崙的錢，現在還是如此。當然，賣方也很快的知道一桶該裝幾加崙了。
全合成機油(FULLY SYNTHETIC),"全合成是全部在實驗室中經由化學變化(如加氫)製造出來的""油""，成品我們通稱為""合成基礎油""。其目的與用途和傳統用潤滑油相同，且顏色相近，但必須再添加各種添加劑(如抗氧化劑、消泡劑、清淨分散劑、抗極壓劑及黏度指數促進劑等)，才能稱為全合成油。"
使用機油須知,"愛你的車系列課程

劣質或仿冒的機油不但損壞車主的權益，更傷害了引擎壽命，我們建議您，在合法的加油站或其它據點，選擇真品機油，親自為愛車更換，並請：

1.購買具知名度公司的真品。

2.認明包裝上機油之品級，是否符合車輛需求（包括機油等級及SAE黏度）。

3.以台灣氣候為例，一般以SAE 5W/30(需求低黏度引擎)，10W/40黏度為最佳。

4.機油的添加量，必須介於量油尺標示的最多 (MAX) 和最少 (MIN) 之間。

5.引擎內機油在使用後如呈現灰色或乳白色，應立即更換（因為有水份進入機油中）。

6.水箱恆溫器不可取下不用，否則將造成引擎因長時間低溫運轉而導致空氣中水汽與機油凝結混合，加速機油劣化。同時應在水箱中加入防銹液，以維護恆溫器之正常起閉靈活。

7.注意機油之換油里程。"
乙烯,主要衍生物有低密度聚乙烯（LLDPE）、高密度聚乙烯（HDPE）、氯乙烯（VCM）、醋酸乙烯（VAM）、乙二醇（EG）、苯乙烯（SM）、乙醛（Acetaldehyde）等。
PPM,百萬分之一單位。
儲集層(Reservoir),儲集層就是具有儲存油、氣空間的岩層，必須有良好的孔隙率與滲透率。所謂孔隙率就是岩石中含有許多的空隙，而且這些空隙必須能夠互相連通，這是儲集油氣必 須的條件；例如比重輕、可浮於水面的浮石雖然有極高的孔隙率，但由於孔隙間互不相通，就不可能是儲油岩。至於滲透率是指在有壓力差的情況下，岩石本身能讓 流體通過的性能。儲集層通常以砂岩、碎屑岩、碳酸鹽岩為主，小部份為變質岩體。
生油岩(Source rock),大量的生物遺骸與泥砂或碳酸質沉澱物埋藏在地下，經過長時期的物理化學作用，形成富含有機質的岩石，其中的生物遺骸轉化為石油。這種岩石稱為生油岩。良好 的生油岩不但必須含有豐富的有機物成份，而且還要能夠把這些成份完整保存，使他們不會被氧化，以便在適當條件下進行去氧、加氫、集碳等過程，之後再加上生 化作用、溫度和無機質的催化等，以及長時間的作用，才能達到成熟而產生油氣。主要的生油岩多為頁岩和碳酸鹽岩二大類。
BPCD及BPSD,"用來衡量煉油廠產能的指標

BPCD (Barrels Per Calendar Day):以每年操作365天計算之平均流量。

BPSD (Barrels Per Stream Day):以每年實際操作天數(一般設計以330天)計算之平均流量。"
氣化率,可燃性液體置於空氣中時，會不斷蒸發直到蒸氣壓達平衡為止。可燃性液體氣化之速度愈快，則可燃性蒸氣愈易往四周擴散，產生引火燃燒爆炸之危險性愈高。丙烷之可燃性液體氣化率約膨脹270倍，丁烷之可燃性液體氣化率約膨脹230倍。
加氫脫硫製程,"油料中的硫化物主要有硫化氫( H2S)、硫醇(RSH)、有機硫化物(RSSR)及環狀硫化物(Thiophene、poly-cyclic thiophene)等硫化物，油品沸點低於430℉者硫化物以硫醇較多，沸點愈高者環狀硫化物也愈多，這些硫化物存在於油料中會造成環保及煉製設備之腐 蝕等問題，需利用加氫脫硫製程脫除，煉油廠之加氫脫硫裝置有：

油料中的硫化物主要有硫化氫( H2S)、硫醇(RSH)、有機硫化物(RSSR)及環狀硫化物(Thiophene、poly-cyclic thiophene)等硫化物，油品沸點低於430℉者硫化物以硫醇較多，沸點愈高者環狀硫化物也愈多，這些硫化物存在於油料中會造成環保及煉製設備之腐 蝕等問題，需利用加氫脫硫製程脫除，煉油廠之加氫脫硫裝置有：

1.輕油加氫脫硫︰

2.輕油裂解汽油加氫脫硫︰降低硫含量至1ppm以下，可作為芳香烴萃取工場進料，以生產苯、甲苯、二甲苯。

3.柴油/製氣油加氫脫硫︰降低硫含量至50ppm以下，以生產高級柴油。

4.真空製氣油加氫脫硫︰降低硫含量至0.3%以下，可作為媒裂工場進料，以生產觸媒裂解汽油。

5.重油脫硫︰降低硫含量至0.5%以下，除了可作為低硫燃料油外；另可作為媒裂工場進料，以生產觸媒裂解汽油。"
Indonesia Crude FOB export Price (ICP),印尼出口原油價格，為印尼出口原油價格指標。
機油在引擎中有哪些功能,"愛你的車課程系列

車輛在高速進行中，引擎呈現嚴重的磨擦狀態時，便需要機油的潤滑。機油和引擎的實際運轉有著直接而重要的關係，一般好品質的機油應具有下列五種功能：

(1) 減少引擎磨擦阻力及機件磨損

(2) 冷卻引擎

(3) 保持引擎內部清潔

(4) 防止引擎生

和腐蝕現象

(5)在活塞環區形成密封作用"
汽油引擎機油,"適用於汽油小客車、旅行車和輕型卡車。針對汽油引擎而設計的機油，美國石油學會 (API) 以加油站 (Service Station) 的字首 ""S"" 來表示，由早期的 SA、SB 級發展至目前最高等級 ""SM""。"
石化工業,"(1)在食的方面 ：由 於石化工業提高了農產品及畜產品的生產效率而充份改善了國人食的需求。以稻米生產為例，由於化學肥料及農業化學品的施用增加了稻米產量。以家畜飼養為例， 由於飼料中氨基酸含量的增加，使家畜成長快速，提高了農民之生產力。此外由於塑膠製品廣泛使用於食品包裝中，更大幅改善了國人的食品衛生。

(2)在衣的方面 ：由 於石化工業以低成本、高效率生產大量合成纖維才有今天各種價廉物美的衣著。一座合成纖維廠佔地約一個足球場大（合5000平方公尺）即可年產纖維九萬噸， 如種植棉花則需土地1600平方公里（比台北還大），如係羊毛，則需牧地40,000平方公里（比台灣還大）。我國自民國五十三年開始發展合成纖維，如今 以加工製成的各類紡織品揚名於國際。

(3)在住的方面：建築業為僅次於包裝業的塑膠用戶，各式配管、壁面、牆板、油漆以及家具等都少不了石化產品。

(4)在行的方面：就輪胎所使用的橡膠而言，天然橡膠非以合成橡膠來取代不可，因為若以百分之百的天然橡膠來製造輪胎，則土地與勞力的問題將難以想像。因為每年生產200,000噸天然橡膠之土地，足足可以生產供應250,000人口之米、小麥、大豆等糧食。

(5)在娛樂方面：石化工業在提供娛樂設備、醫療藥品及清潔劑、化妝品等，也有顯著的貢獻。"
冷排水,液化天然氣(LNG)從-162℃氣化為天然氣(NG)，以汲取大量海水作熱交換最為經濟，每氣化1公噸LNG約需20噸（25℃）的海水來加溫；熱交換後的海水，被LNG降溫至低於原海水溫度，平均溫度約在16~24℃，經排放渠道流返大海，稱為「冷排水」。
Japan Crude Cocktail (JCC),日本海關公告之進口原油加權平均價，為常見之LNG交易價格指標。
純對苯二甲酸(PTA),"日期：109-08-25

以對二甲苯當原料製造而成，主要產品為聚酯纖維、薄膜、絶緣漆等。"
車用汽油,一般使用於火花點燃之引擎，係一種非常容易氣化之可燃性油料，其來自不同之煉製過程，為成份複雜之混合物，除一般碳氫化合物外，因環保要求亦添加含氧化合物甲基第三丁基醚(MTBE)及各種功能不同之添加劑。
爆震,爆震是引擎不正常的燃燒造成的震動，有時不易被發現。通常在爬坡時比較容易發生，當踩油門時聽到嗒嗒嗒連串的聲音，有可能就是爆震。若有爆震現象請先至車廠檢修，若沒有積碳或機械上的問題，可以試試較高辛烷值的汽油。
烷化製程,凡一個不飽和烴分子與一個飽和烴分子在某種反應條件下結合成一個大分子的烷烴，即稱為烷化反應。一般煉油廠中均可能得到三碳烯烴及四碳烯烴以及異丁烷等副 產品，利用硫酸或氫氟酸為觸媒可使其結合，而得到異庚烷及異辛烷。兩者的辛烷值均甚高，可用以摻配汽油而提高汽油之辛烷值。
從量費,用戶使用每單位（立方公尺）天然氣所支付之費用。
冷凍貨,進口液化石油氣(LPG)，為運輸效率採降溫方式將其液化，並以配備冷凍壓縮機之冷凍船運輸，俗稱冷凍貨。以冷凍船運輸液化石油氣之運量較高，每船可達2至5萬公噸。
乙炔,俗稱風煤、電石氣，於 1836 年被英國科學家戴維（Edmund Davy）所發現，其化學式為 C2H2，在室溫下是一種無色、極易燃的氣體。主要作工業用途，特別是燒焊金屬方面，乙炔在氧氣中燃燒可以形成攝氏 3300 度的火焰，釋放出每克 11800 焦耳的能量。
杜莎藻,為單細胞綠藻，含有葉黃素、胡蘿蔔素、玉米黃素及蕃茄紅素等成份，是天然抗氧化物的集合。
無鉛汽油 - 95 or 92,"無鉛汽油之分類依據及種類 ？

無鉛汽油之分類，主要係配合車輛引擎不同的壓縮比，無鉛汽油目前分為 92、95、98 等三種。

我的車該用何種無鉛汽油？

一般車輛該使用何種無鉛汽油 ？請依原製造廠或代理商隨車提供之「使用手冊」指定之無鉛汽油。

如何知道車子的壓縮比是多少 ？

您的車子在出廠時都會附有一份詳細配備說明書，其中都會載明車子的壓縮比。"
聚乙烯(PE),以乙烯當原料聚合而成，主要產品有塑膠袋、保鮮膜、塑膠管、容器等。
氣化器,是一種熱交換器，用作加熱液化石油氣而將之轉化為氣體。在很多情況下，消耗率比氣缸或鋼瓶的自然供應率大，或冬天氣溫太低，因此需加裝氣化器以滿足對液化石油氣的需求。氣化器可使用熱水、電力或供應氣缸的液化石油氣本身所提供的熱量。
加臭,天然氣中添加一種易揮發之液態化學物質，使其具有臭味而容易辨識。
液化石油氣(LPG),液化石油氣無論是從原油煉製過程中提取或是從天然油氣田處理過程中所析出，常利用該等氣體可輕易地於正常溫度下略為加壓或於正常氣壓下利用冷凍方式而加以 液化之特性，如此即可減少至1/250之體積，達到更方便儲存、運送、攜帶及使用（通常最後是加壓灌入鋼瓶中供用戶使用）之目的，故一般稱之為液化石油氣 (Liquefied Petroleum Gas，LPG)。
注氣站,將氣態的天然氣注入氣井內存放的地方。
汽油顏色,車用汽油為利於識別，往往加入油溶性色素而染成各種不同的顏色，如98無鉛汽油為紅色，95無鉛汽油為黃色，92無鉛汽油為藍色。
高壓貨,進口液化石油氣(LPG)為高壓氣體，為運輸效率採加壓方式將其液化，並以具高壓儲槽之高壓船運輸，俗稱高壓貨。以高壓船運輸液化石油氣之運量較低，每船僅可達3仟公噸。
甲醇,是一種有機化合物，其為揮發度高、無色、易燃及有毒的醇類，可以在空氣中完全燃燒，並釋出二氧化碳及水。其廣泛應用於醫藥、農藥、染料、塗料、塑料、合成 纖維、合成橡膠等生產，還用於溶劑和工業及民用燃料等。主要用作溶劑、抗凍劑(antifreeze)、燃料或中和劑。甲醇對人體有強烈毒性，因其在人體 新陳代謝中會氧化成比甲醇毒性更強的甲醛和蟻酸(甲酸)；市面上假酒即為摻雜甲醇的酒，飲用含有甲醇的酒可引致失明、肝病、甚至死亡。早期症狀包括心跳加 速、腹痛、上吐(嘔)、下瀉、無胃口、頭痛、暈、全身無力，嚴重者會神志不清、呼吸急速至衰竭、視網膜受傷害、失明，而失明則是它最典型的症狀，最嚴重者 是死亡。
儲氣槽,指煤氣事業管理辦法中公用氣體燃料調節地區尖峰用氣之天然氣儲槽。
導管承裝業,指僱用專任天然氣導管配管專業人員，以承攬公用天然氣事業或其用戶使用之輸氣管線工程施作，及輸氣管線安全維護業務之事業。
冷能利用,"1. 冷排水用於養殖漁業，冷排水由於事先已經過滅藻、菌，因此水質乾淨，水溫及水質穩定，送出供養殖場所使用，夏季冷排水溫度流至養殖場所尚維持在 22~24℃間，正符合水產魚類普遍適合生長的22~28℃水溫環境。其效益除提高養殖魚之存活率外，還可節省約25%電費成本及可觀之維修費用。

2. 將氣化LNG之冷能予以回收，回收之冷能用來降低回流冰水溫度，以供應空調使用，永安廠98年共節省電費約1,573萬元。

3. 冷能發電，是利用丙烷冷媒回收LNG超低溫能源，經加壓氣化後推動膨脹機來帶動發電機發電，永安廠LNG冷能發電每小時LNG流量90ton，可發電量1800kW。

4. 永安廠冷能供應遠東氣體廠，液氮每日生產量330噸、液氧每日生產量220噸、液氬每日生產量17.4噸。"
如何檢查與補充機油,"1.檢查機油時需將車輛停在平坦的路面。

2.並將引擎熄火，靜待3分鐘後，先取出機油尺。

3.擦拭乾淨後插入機油中。之後再取出檢視機油面，是否在上限與下限的記號之間。

4.如果機油面下降至下限記號需補充機油至標準量。

5.補充後，起動引擎，怠速1分鐘後，將引擎熄火，靜待3分鐘後，再以油尺確認油量。

注意事項

請選擇安全的場所來做。

請使用合適的工具。

請於引擎停止狀態下進行。

手剎車桿須確實拉緊，並使用頂輪塊，切實防止車輪滑動。

隨車配備的千斤頂，僅使用於更換輪胎，不適合將車撐起。

請注意引擎的高熱，避免觸碰灼傷及自動回轉之冷卻風扇突然轉動而遭受傷害。

工具及零件請勿放置在引擎上方，如遇緊急情況會很危險！

建議

不要使用偽品、劣質、來路不明之機油。

補充機油時，切勿讓塵埃等污物由機油蓋進入，補充後並確實鎖緊。

機油量請勿超過上限。

機油溢流出來時，請即擦拭乾淨。

如不諳檢查操作，可至本公司加油站附設快保中心，由專業技師為您服務。"
稀土金屬,"稀土：為化學元素週期表上 17 種化學元素，包括鈧( scandium)、釔(yttrium)以及 15 種鑭族元素包括鑭(lanthanum)；鈰(curium)；鐠(praseodymium)；釹 (neodymium )；鉕(promethium)；釤(samarium)；銪(europium)；釓(gadolinium)；鋱(terbium)；鏑(dysprosium)；鈥(holmium)；鉺(erbium)；銩(thulium)；鐿(ytterbium)；鑥(lutetium)。

用途：廣泛應用於綠能科技、高科技產品及國防工業。稀土的用途中在美國產業界使用最多是排氣催化控制及石油化學 催化劑、稀土磁鉄，另有綠色科技及國防科技等。例如：油電混合車、插電式混用電動運輸工具(PHEVs)、最新效能風力渦輪、節能螢光照明、電腦驅動設 置、手機、飛彈導引裝置、「精靈炸彈」的追蹤設置，以及其他在玻璃、油漆、雷射、光學等的應用。

原料來源：高能釹鉄硼(NdFeB)磁鉄及其中間產品以及其他稀土原料，約九成以上來自官方掌控的中國，中國同 時也消耗了世界上約6成的稀土，大多數製成半成品外銷，而且消耗量增加很快，估計2012年以後中國的內耗將超過其生產；稀土礦脈除中國外，加拿大、美國 及澳洲也有發現。（資料提供：探採研究所 黃富文）"
石化製品,由石油或天然氣製造出來的石化基本原料如甲烷、乙烷、乙烯、丙烯、丁二烯、苯、甲苯、二甲苯等，經過特定製造程序，可先製得中間原料，此 中間原料經過聚合 (Polymerizatio)、酯化(Esterification)、烷化(Alkylation) 等製造過程可得塑膠(Plastics)、橡膠(Rubbers)、合成纖維(Synthetic Fibers)及化學品如清潔劑、黏著劑、溶劑、肥料等。
『省好油、接妙招』,"行駛時省油9招

1.起步時請平穩加速，不要猛踩油門。

2.適當換擋；使用低速檔時間不要太久，應在適當時間內變換高速檔。

3.保持車速穩定，不要忽快忽慢。

4.手排車行車中請勿半踩離合器，並盡量避免空踩油門。

5.非必要時，避免急踩煞車，市區行駛時請與前車保持適當距離；遇紅燈時，鬆開油門，讓車子自然停止。

6.高速行駛時，請關上車窗，減少風阻。

7.儘量避開尖峰時間外出，並隨時收聽電台路況報導，選擇交通順暢路段。

8.開冷氣會增加耗油量，除非天氣炎熱，請盡量少開冷氣。

9.需較長時間停車時建議將引擎熄火。

保養及上路前省油9招

1.經常清潔或換新空氣過濾器。

2.定期維護燃燒系統，確保燃油噴嘴（或化油器）、火星塞等之清潔與堪用。

3.按時更換機油及濾清器，確保引擎機件之良好潤滑。

4.選用適當油料，避免造成引擎損害，也可能增加耗油量。

5.油不要加太滿，跳停即可，以免油料溢散。

6.輪胎應保持適當胎壓，確保車輛良好之省油性與抓地力。

7.非必要東西勿堆置車內，減少車內裝飾，以免增加車內負載。

8.引擎發動後至起步之時間盡量縮短，減少怠速時間。

9.經常注意引擎散熱系統，確保車輛引擎維持正常工作溫度。

保養及上路前省油招數

1.定期做前輪定位，注意輪胎狀況。

2.車體不亂改裝，車輛內少用不必要的電器。

3.使用遮陽板，降低車內溫度。

4.定期檢查進氣系統或調整氣門間隙。

5.定期檢查車輛排氣，確認引擎保持最佳燃燒狀況。

6.檢查油箱、油管接頭等，避免漏油造成油耗。

7.定期洗車並打蠟，降低風阻可省油。

行駛時省油招數

1.縮短怠速溫車之時間。

2.高速公路上啟用定速系統，勿任意變換車道。

3.開車前先開啟車門，待車廂內之溫度散熱後再開車。

4.市區行駛儘量選擇幹道。

5.轉彎路線須適中，避免急轉向，降低輪胎耗損而增加行駛之阻力。

6.避免把左腳放在煞車踏板，以免產生阻力。

7.避免為因應減速需要，而在引擎轉速高時突放油門，應保持適當車距輕踩或緩放油門。

其它省油招數

1.等待加油不開油箱蓋，避免油氣揮發及耗油。

2.儘量搭乘大眾運輸工具，省錢又健身。

3.開車共乘，省錢、省維修。

4.購置新車，優先選用變速箱檔位數較多者或油電混合型車種。

5.有車位就停，其餘路程以走路替代，健身又不耗油。

『徵省油好招、尋省油達人』活動得獎作品：

第一名陳柏政

第二名林明憲

第二名陳正隆

第三名李枝花

第三名周政偉

第三名劉俊呈"
配氣站,輸氣幹線及環線上具關斷、隔離、排放、整壓計量、調配供應地區用氣作業之場所。
乾洗油,乾洗油為一種無色、透明的中度揮發性液體，芳香烴溶劑含量14~20%，沸點介於149~213℃間，閃火點38℃，因廣用於乾洗工業，故有此名，但亦可作為去污清潔使用。使用時必須按照勞動部及內政部頒佈之有關有機溶劑中毒預防規則及勞工安全衛生設施規則審慎使用。
石油輸出國家組織(OPEC),"日期：110-01-13

全名為 Organization of Petroleum Exporting Countries， 1960年9月14 日於伊拉克首都巴格達成立，創始成員包括石油主要輸出國之沙烏地阿拉伯、委內瑞拉、科威特、伊拉克及伊朗等 5國。其成立宗旨是為產油國而奮鬥，並維持原油價格及產量水準。

會員國資料如相關連結"
常壓蒸餾,"原油經過換熱器與加熱爐加熱升溫至675℉，再於蒸餾塔分餾與汽提，控制蒸餾塔的溫度與迴流量，取出不同沸點之油品,由輕至重依序為，燃料氣(Fuel Gas)、液化石油氣(LPG.)、輕油(Naphtha)、煤油(Kerosene)、柴油(Diesel)及重油(Heavy Oil)等。"
碳足跡,指每個人、每個家庭或每家公司日常釋放的溫室氣體數量（以二氧化碳即 CO2 的影響為單位），用以衡量人類活動對環境的影響。
異構化,異構化為化學物質在特定條件下改變自身的組成結構，從而成為新物質的反應。異構化工場可將低辛烷值的C5/C6正烷烴(normal paraffins)，加氫異構化為高辛烷值含叉鏈異構物(isomers)，辛烷值依製程之使用可高達90號辛烷值，本油料最大用途供汽油摻配用。
汽油之辛烷值含意為何？,"辛烷值是決定汽油抗爆震性的重要指標，而引擎壓縮比則是用來決定需要使用多少辛烷值的汽油。當引擎在壓縮行程中，油氣體積變小，其壓縮比率越大，汽缸壓力越大，溫度越高，此時所選用的汽油，必須在此條件下，仍不會引發自燃，如果火星塞尚未點火或是燃燒火焰波尚未到達，油氣產生自燃現象，則在動力行程中會產生火焰波互相衝擊，造成引擎爆震，汽油對抗此爆震程度之量測指標稱為辛烷值。辛烷值越高，抗爆震程度即越高，由於引擎設計不斷精進，汽車製造廠商以提高引擎壓縮比來增加單位體積產生之馬力，因而較低辛烷值汽油不能符合引擎需要時，行車容易產生爆震現象。所以高壓縮比的引擎需要較高辛烷值的汽油，以耐更高的壓力與溫度，避免影響汽車的駕駛性能及損害引擎。

辛烷值數字代表的意義？

汽油在引擎燃燒的抗爆震程度以辛烷值表示，辛烷值越高表示抗爆震能力愈高，以異辛烷的辛烷值定為100，正庚烷的辛烷值定為0，任何汽油在標準之引擎試驗中與此種標準油作比較，如果某一汽油在引擎中所產生之爆震，正好與98%異辛烷及2%正庚烷之混合油的爆震程度相同，即稱此汽油之辛烷值為98號。

92、95與98無鉛汽油之區別為何？車主應如何選擇適當的汽油？若選用錯誤會有何影響？

主要區別在於辛烷值不同，辛烷值乃測定汽油抗爆震能力之指標，92無鉛汽油辛烷值為92，95無鉛汽油辛烷值為95；98無鉛汽油辛烷值為98。

至於要如何選用適當的汽油，一般汽車駕駛人最好依據車廠之推薦採用適當辛烷值之汽油(參考車主手冊上之說明)，行駛里程較高的汽油車有可能因為引擎積碳關係，造成引擎壓縮比增加，對辛烷值之需求亦會提高，若覺得車子仍有爆震現象時，可改用較高辛烷值之汽油。

引擎壓縮比高者應採用高辛烷值汽油，若壓縮比高而使用過低辛烷值汽油，會引起不正常燃燒，造成爆震、耗油及行駛無力等現象。反過來說，低壓縮比引擎若使用過高辛烷值汽油，引擎馬力並不會提升，且造成金錢之浪費。

汽油品質對汽車啟動性能是否有影響？

汽油品質規範中之蒸氣壓及汽油輕質部份之蒸餾溫度會直接影響汽油之啟動性能，蒸氣壓高即是代表汽油在低溫時揮發量多。汽油揮發性強，就容易點燃啟動，但若揮發性太強，會使耗損增加，且污染空氣，甚至在油管內形成氣障，阻礙汽油流動，造成熄火。因此汽油的蒸餾溫度及蒸氣壓要在適當範圍。如果汽油蒸氣壓過高，則引擎在冬天低溫時較易啟動，但如果引擎已熱，而需再度啟動時，此種蒸氣壓過高之汽油易使引擎汽缸吸入過濃油氣，反而難以啟動。而在夏天氣溫高，冷車啟動較無困難，但熱車啟動則較困難，且易因油氣過濃引起氣障而熄火，因此，市售汽油的蒸氣壓需在適當範圍內。

品質優良的汽油必需具備那些條件？

汽車是現代生活中最便捷的交通工具，重視外型美觀、平穩舒暢、勁爆有力，性能不斷提升，進而對於汽油品質之要求日趨嚴格。汽油品質影響引擎性能極大，為應各種不同車輛及環保上之需求，良好的汽油品質必需具備下列各種條件：

抗爆震性能良好

啟動性能良好

暖車迅速

加速能力強

耗油量少

引擎運轉平穩

防止氣障

抗腐蝕性良好

不易變質或生膠

在此也奉勸大家不要加用地下油行以溶劑摻配之劣質汽油，其品質毫無規範限制，極易造成引擎損害，更影響行車安全。

使用汽油除注意品質之外，尚需注意那些事項？

中油公司汽油品質經過不斷的提升改進，已與世界先進國家之品質相當，可安心、放心的使用，惟為確保行車更安全順暢，仍請注意以下幾點：

車輛最好避免長時間不使用，以防汽油儲存過久造成氧化，生成難溶膠質阻塞油路。一般而言，儲存汽油最好不超過三個月，但氣候較熱之地區仍須酌予縮短。

避免車子油箱快空了才去加油，尤其濕氣重的地區，油箱壁極易積存水氣，造成腐蝕，而且油箱底部之汽油泵也會失去作用，所以最好油針指到油錶刻度剩1/4時，即需加油。

中油公司汽油已添加適當且適量之添加劑，品質完全符合引擎性能需求，所以不要拿自己車子當實驗品，隨便添加來路不明、成份可疑的添加劑，以免浪費金錢又損傷愛車。

定期保養您的愛車，選用品質優良、潤滑性特佳且具節省汽油效益之機油，如國光牌賽車級系列機油(ex：國光牌賽車級SP全合成車用機油5W/30、10W/40…)或國光牌9000系列機油(ex：國光牌9000 SP車用機油0W/20、5W/30、10W/40…)等中油公司出品之引擎機油。
如果要加油最好在回家前加滿油，可減少夜間油箱冷卻下來時吸入過多潮濕空氣，導致水分凝結、沉降在油箱底部。

國內汽油等級之區分與美國有何不同？

美國汽油等級可區分為高級汽油、中級汽油及普通汽油，其辛烷值研究法與馬達法之平均值分別為92、89、87，分別相當於研究法辛烷值98、95及92。

汽油是否已加添加劑？

中油公司供應之汽油均已添加清淨添加劑，可以避免噴油嘴阻塞及進氣閥積碳。

什麼是爆震？應如何處理？
爆震是引擎不正常的燃燒造成的震動，有時不易被發現。通常在爬坡時比較容易發生，當踩油門時聽到金屬敲擊的聲音，有可能就是爆震。
若有爆震現象請先至車廠檢修，若沒有積碳或機械上的問題，可以試試較高辛烷值的汽油。

98無鉛汽油是不是冷車時啟動比較困難？
98無鉛汽油與92、95的差別主要在辛烷值，辛烷值改變並不會影響冷車啟動。啟動性與汽油揮發性有關(參考：4.汽油品質對汽車啟動性能是否有影響？)。
改用98無鉛汽油需不需要作引擎調整？
大部份較新車型車輛均有電腦自動控制及調整之設備，改變汽油時會自動調整(點火角度及噴油角度)。"
瓶裝水V.S.原油,"環保減碳，拒絕瓶裝水的觀念正在國際發酵，但環保署表示，台灣人擁抱瓶裝飲料的熱度不減反增，每年開瓶46億支寶特瓶（平均每人約用掉200支），串起這 些寶特瓶，可繞台灣223圈、地球6.3圈；其中，瓶裝水寶特瓶就有11億支以上，每人一年喝掉48瓶水。業者表示，台灣進口瓶裝水市占率有增加的趨勢； 而瓶裝茶的市場最大，營業額是瓶裝水的3倍，並逐年上升。瓶裝水看來清澈，其實代表的是黑色的石油。據調查，光是製造全球瓶裝水用的寶特瓶，每年要耗掉 1,800萬桶原油和1,300多億加侖的水，如加上運送和處理廢棄寶特瓶所耗的能源，每瓶水都是讓地球暖化的幫凶。環保團體表示，水比油貴，1公升的油 錢只能買半公升進口礦泉水，若從法國運1噸瓶裝礦泉水來台灣，運送過程消耗能源所排放的二氧化碳約76公斤，從加拿大魁北克運過來則要排放93公斤，都是 讓溫室效應加劇的幫凶。美國環保團體統計，美國人1年喝掉新台幣3,300億元的瓶裝水，製造這些寶特瓶至少要用掉150萬桶原油。澳洲人1年喝掉1億 5,000萬公升的瓶裝水，等於排放1萬2千多公噸的二氧化碳，這些「碳足跡」都助長地球暖化。因此要改善暖化、保護北極熊棲地，自備水瓶（杯），喝煮過 的白開水最好。（資料來源：98年7月10日聯合報）"
加壓站,幹線上提升輸氣壓力作業之場所。
鑽串(Drill String),為鑽進中用以傳遞重量及旋轉扭力之鋼製管件，一般由上而下可分為：方鑽桿(Kelly)、鑽桿及大接頭(Drill Pipes&Tool Joints)、鑽鋌(Drill Collars)、旋轉鑽頭(Rotary Bit)。
安衛名詞中英對照表,
何謂黏度？0W/50、5W/50、10W/40 又代表什麼意思?,W 為 WINTER 的簡稱，W 前的數字代表機油低溫時流動指數，W 後面的數字代表高溫時的黏度，數字愈大代表黏度愈高，而黏度指數是隨溫度變化而改變，越高 溫會變的越稀薄。以 10W/40 黏度來說，10W(Winter) 為低溫黏度在 -25℃ 時仍具流動性，0W 則表更低溫為 -35℃，後段的 40 為高溫黏度， 其號數愈大則黏度愈大；通常 10W/40 參考的環境溫度範圍為 -25℃ 至 40℃，新車高溫黏度 SAE30~50 均可應用，但黏度較低則燃油經濟性較佳，老舊車輛建議使用 SAE50，較不易耗機油。
CFR (Cost and Freight),運費在內之交貨條件，指當貨物在裝船港越過船舷時即完成交貨，交貨後買方需負擔貨物滅失或毀損所生的費用及風險。但賣方必須支付將貨物運至目的地港所需費用及運費。
汽油添加劑,汽油添加劑是一種有機化合物，加入汽油中可減少汽車油路中的積碳現象。此種添加劑可使進氣系統及油路中的積碳物質從金屬表面脫落，進入引擎燃燒室燒掉，以達到保持進氣系統的乾淨度，並可改善排氣污染，以及防鏽及抗乳化等多種功能，且能提高引擎燃燒性能。
隔離站,輸氣幹線及環線上具有關斷、隔離、排放設備作業。
十六烷指數(cetane index),柴油著火性能表示方法之一種，著火性能即是指自動著火溫度之高低而言，較高十六烷指數柴油，較易發揮引擎馬力節省能源，霧化效果更佳燃燒較完全，排煙透視度佳，可減少排煙惡臭。
遙讀計量站,指量測氣量之裝置儀器，可以用搖控方式來設定和讀取資料。
柴油引擎機油,"適用於重負荷貨車、卡車及一般柴油車輛。針對柴油引擎而設計的機油。美國石油學會 (API) 以商用 (Commercial) 的字首 ""C"" 來表示，由早期的 CA、CB 級發展至目前的 CF、CF-2、CF-4、CG-4、CH-4、CI-4、CJ-4，輕型柴油引擎機油，歐盟國家另訂有 C3 等規範。"
丁二烯,主要衍生物有聚丁二烯橡膠（BR）、ABS、SBR等。
硫磺,硫磺是汽、柴油經加氫脫硫處理所驅除之雜質，含硫量99.5%以上，常溫下為金黃色固體。
去漬油,中油生產之國光牌去漬油為一種快乾性的脂肪族溶劑，沸點介於60~107℃間，其特點為硫含量低，無臭味。用途甚廣：普通家庭去污清潔、機械零件清洗、接著劑調配。使用時必須按照勞動部及內政部頒佈之有關有機溶劑中毒預防規則及勞工安全衛生設施規則審慎使用。
二氧化碳(Carbon dioxide),是空氣中常見的化合物，其分子式為 CO2，常壓下為無色、無臭、不助燃、不可燃的氣體；當加壓到5.1倍大氣壓力才會以液態存在；而其固體狀態為人熟知的 乾冰。其用途相當廣泛，二氧化碳可加壓注入飲料中，使飲料中帶有氣泡，增加飲用時的口感，如汽水、啤酒……等。固態的二氧化碳（乾冰）在常溫下會氣化，快 速吸收大量的熱，因此可用在急速的食品冷凍。二氧化碳的重量比空氣重且不助燃，因此許多滅火器都會產生二氧化碳，利用其特性滅火。而二氧化碳滅火器是直接 用液化的二氧化碳滅火，除上述特性外，更有滅火後不會留下固體殘留物的優點。二氧化碳也可用作焊接用的保護氣體，雖其保護效果不如其他惰性氣體（如氬）， 但價格相對便宜許多。二氧化碳雷射是一種重要的工業雷射來源。
原油,石油是由地層底下開採出來的，石油的英文名稱Petroleum，是由Petra Oleum 所得，原義為Rock Oil是頁油之意。根據大英百科全書敘述「石油是烴類的複雜混合物，以液態、氣態、固態的形式存在於地球。」只是一般多呈液體狀，它是煉油的原料，因此我們通常將這未加提煉前的液態石油稱為「原油」(Crude Oil)。
"低碳經濟(Low-Carbon Economy, LCE)",是指一個經濟系統只有很少或沒有溫室氣體排出到大氣層，或指一個經濟系統的碳足跡接近於或等於零。
油品中英文對照表,
汽油摻配,將汽油摻配原料，如異構油、重組油、觸媒裂解汽油、輕油裂解汽油、甲基第三丁基醚（MTBE）、芳香烴萃餘油等，依比率摻配成汽油。各摻配料之比率以辛烷 值為主要控制點。汽油摻配工場都裝設線上辛烷值引擎測試儀、NIR分析儀，可連續偵測辛烷值，並可隨時調整各摻配原料之比率。另外NIR分析儀亦可偵測 RVP、苯含量、芳香烴、烯烴、硫含量等。
辛烷值,辛烷值是評定內燃機汽缸中混合油氣點燃時，汽油抗爆震的指標，辛烷值愈高代表汽油抗爆震性能愈佳。
苯(Benzene),為芳香烴工廠及轉烷化工廠的產物，主要衍生物有苯乙烯（SM）、異丙苯（cumene）。
乙二醇(EG),以乙烯當原料製造而成，主要產品有聚酯纖維，抗凍劑等。
工業氣,以進口高品質液化石油氣（LPG）供工業客戶使用於燃料、化學反應進料、冷凍劑等用途。
製焦工場,製焦為熱裂製程之一，可將重質低價之油料轉化成較輕質油料，製焦製程可將進料完全轉化成可揮發性產品及焦炭，進料一般殘渣油產品為氣體、輕油、製氣油、燃 料油及焦碳，其中製氣油為製焦主產品可資作為觸媒裂解之進料，焦碳可作為水泥廠或火力發電等之燃料，特殊之用途可作為化學品之電極用途。
DES (Delivered Ex Ship),目的港船上交貨條件，指在指定目的港船上，將尚未辦通關手續的貨物交由買方處置時，即完成交貨。賣方必須負擔將貨物運至目的港於卸貨前一切費用與風險。
石化與民生,"若無石化工業

今天人類的生活勢必完全改觀

石化與民生

二次大戰以後，石油的用途突破燃料階段進入合成產品的領域，造就了石化工業空前繁榮的景象。近十年來，更由於石化工業蓬勃發展，石化產品普遍使用 於我們日常生活中，大大提高一般國民生活水準，以下我們將以食、衣、住、行四個單元簡單介紹石化工業與我們日常生活是如何地息息相關。

提高飲食的水準

常言道：民以食為天。更有人常說：呷飯皇帝大。因此食是人類生存的最基本需求，我們現在就來看石化工業如何提高人類在食方面的水準。

提高農產品及畜產品的生產效率

由於石化工業提高了農產品的生之效率，而能充份改善國人食的需要。就以稻米生產為例，由於化學肥料及農業化學品的施用，使每公頃耕地稻米產量增加，未增加耕地面積而能維持全國稻米產量的穩定成長。

家畜生產方面，由於飼料營養成份的加強使飼養及屠宰量逐年成長，國人攝取食物營養份也跟著逐年增加。

根據美國石化工業能源小組所提出的一份報告中指出美國在農業「機械時代」每一農民可生產七人份的食物，而目前「化學時代」裡，則由於肥料、農藥等石 油化學品之使用，每一農民之食物生產力增加到十人份，增產率達43％。以家畜飼養為例，將火雞飼養到5.2公斤時，原先需用飼料16.7公斤，費時17星 期，現由於加強氨基酸含量，用14.1公斤飼料，在同樣17星期內，可飼養到6.6公斤重。因此石油化學工業在提高農民生產力上的貢獻是無庸置疑的。

神奇的塑膠－離子交換樹脂

有的是細沙般的微小粒子，有的像紙一般的薄片。海水通過它們之後可變為純水或食鹽，胃酸過多的人服下此種粉 末，能立刻產生作用，把過多的胃酸吸收殆盡。患有浮腫的病人服下此種粉末，則能除去體內鉀鹽，而使腫脹消失。這種神奇的東西就是大家耳熟能詳的工業要角－ 離子交換樹脂。

離子交換樹脂多數是苯乙烯系的合成樹脂。在食品工業中少不了純水，而離子交換樹脂是製造純水所不可或缺的。汽水、可樂、果汁…等清涼飲料用水，若含 有雜質，色味俱差，精煉葡萄糖時，若有鹽類溶於水中，則結晶率低，並且會產生許多廢渣，針藥劑用水中若含有鹽分，則此鹽分會與藥品混合而減低藥效，並且使 藥易於變質，注射時會發生意外事件。因此由石油衍生品合成的離子交換樹脂在食品工業界的重要性自不待言。

漂亮且衛生的食品包裝

現代的家庭主婦常以逛百貨公司為一大樂趣，尤其看到陳列架上各式各樣美侖美奐的餐具真是愛不釋手。

它的美觀、耐用、便宜的條件簡直是六○年代的主婦們所難想像的，尤其是密封罐已成為現代廚房的寵兒，因為它能延長食品的保存期限，又能隨用途做各式 各樣的變化，而這些物品都是合成樹脂產品。此外像PE保潔膜已和衛生紙一樣成為日常消耗品。總之，由於塑膠製品廣泛使用於食品包裝中，便大幅改善了國人的 食品衛生。

對衣飾質料的影響

石化產品對人類「衣」方面的影響主要是合成皮與合成纖維帶來的衣料革命。

為什麼需要合成皮：

皮革是人類生活必需品來製成皮衣皮鞋皮包，而隨著世界人口增加，生活水準提高後，皮革消費量也相對增加，真皮將成貴 重物品。而天然皮革因動物形狀、大小、種類不同、性質不同，製造皮革產品時必須由有經驗的師傅切割、裁製，而合成皮能做成像布匹一樣規格統一，能以自動機 器大量生產，此外天然皮革容易發霉、裂開，需要花很大的功夫來保養，而合成皮髒了只要沾水擦拭，因此今天各位觸目所見，都是石化產品合成皮的天下。許多小 姐常有一櫥子的皮鞋、皮包、皮飾用來搭配衣服，比起五、六○年代真是不可同日而語。

不破不皺的合成纖維衣料

六○年代的學生們一定有過這樣的經驗：把母親燙好的裙子或褲子放在庫舖下保持它的褶痕，防止它皺成一團，而見在 學生們的製服由洗衣機中拿出來晒乾就可以穿了。從前的衣箱中要放許多樟腦丸，否則一不小心衣服就多了一個洞，老一輩的常教訓年青人：衣服不要常洗會洗壞 的。而今天許多衣服洗了再洗卻恆久如新。由於石化工業以低成本，高效率大量合成纖維，源源不斷供應，才有今天各種多彩多姿，價廉物美的衣著。一座合成纖維 廠佔地約為一足球場（合五千平方公尺），即可年產纖維九萬噸；如種植棉花，則需土地壹千六百平方公里（比臺灣還大），足見合成纖維的發展多麼重要。

由於技術的進步，合成纖維在製造過程中，可以精確控制，其成品可以保持一定的品質以適應特殊用途，不論是強度、鬈曲度、光澤、顏色、伸縮性、彈性、 形態以及粗細均可隨需要調節。此外合成纖維除可單獨使用外，也可兩種或多合纖混合在一起，也可與天然纖維混合。這些混合纖維及其混紡織物，真可謂千變萬 化，多彩多姿，構成了今天紡織原料的主幹。所以合成纖維並不是天然纖維的仿製品或替代品，它的性能比天然纖維好的地方太多了。

除了上面所述，合成皮及合成纖維構成人類衣的主幹外，尚有許多塑膠製品像雨衣、雨鞋等，石化工業產品影響之深遠讓人難以想像。

滿足居住生活的需求

無可否認的，“房”事也是人類一大要事，現代人對“住”的要求不再只是擋風蔽雨，不但要美觀耐用還要防火防噪，我們來看看石化工業如何提昇人類“住”的水準。

根據統計，建築業為僅次於包裝業的塑膠用戶，石化產品的多樣性造就了人類更美的生存空間，以塑膠地磚或地毯而言，已成為住宅或辦公室少不了的地材， 而形形色色的配管、壁面、牆板、油漆都是石化產品，石化工業也提供不少特殊建材以應付人們住的特殊用途如隔音板、隔熱板、安全玻璃等，當您駐立街頭，舉目 所見的建築物沒有一幢是可以不用到石化產品的。

除了房屋建材外，屋內的家具更是石化產品的天下，塑膠的地位愈來愈重要，甚至有取代金屬的趨勢，大家所熟知的“塑鋼”便是聚甲醛樹脂的俗名，它的耐 久力極強，不易產生質料疲勞，在高溫、高溼的惡劣條件下，塑鋼產品的尺寸不易發生變化，此外塑鋼還有不易扭曲，扭曲會恢復原狀，不易溶解於溶劑中等特性。 總之，石化產品使人類住得更賞心悅目是無可否認的。

提供行旅的方便

在行的方面，就輪胎所使用的橡膠而言，天然橡膠非以合成橡膠取代不可，因為若以百分之百的天然橡膠來製造輪胎則土地與勞力的問題將難以想像，因為 每年生產二十萬噸天然橡膠之土地足足可以生產供應二十五萬人口之米、小麥、大豆等糧食。所有的交通工具，在空中飛行的飛機，地面上行駛的汽車及海裡航行船 舶，它們的外殼或零件也少不了石化產品中的各式塑膠、橡膠以及塗料，粘著劑等石油化學品。

高性能纖維的發展使得人類更能克服行的障礙，不但?

提昇休閒娛樂的品質

另外石化工業在提供娛樂設備、醫療藥品及清潔劑、化妝品等，也有顯著的貢獻。總之，在「有限」的土地勞力人力資源下，石化產品供給了人類各種生活必需品，使我們得以享受豐衣足食，舒適方便的高水準生活，若無石化工業，則今天人類的生活勢必完全改觀。"
甲殼素,片狀甲殼經專業粉碎研磨成粉狀甲殼素，在腸胃道能有效吸附清潔劑與腐植酸，達到體內環保功能。
針入度(Penetration),"針入度(Penetration)

針入度是表示柏油材料的硬度。測試方式採 ASTM D5是在已知的載重、時間及溫度下，以一根標準針頭垂直貫入柏油試體，量測針的貫入距離，此貫入距離謂之針入度。針入度數值愈大象徵柏油愈軟，數值愈小則柏油愈硬。"
油氣苗(Oil seepage/ Gas seepage),油氣苗為蘊藏在地底下的石油或天然氣出現在地表的徵兆，形成原因是油液或天然氣沿地下裂隙游移到地表所造成，所以任何地區如果有油氣苗溢出，表示地下可能 有油氣的蘊藏。氣苗主要成份為甲烷，台灣主要氣苗地點有：土城、龜山、竹東、苗栗、中埔、白河、楠西、旗山、甲仙、六龜等地，部分地點氣苗湧出量大，當地 居民常以此為燃料之用。油苗通常呈黏稠液狀，台灣主要油苗地點有：竹東、苗栗、楠西、杉林等地。清咸豐11年(西元1861年)通事邱苟在苗栗出磺坑後龍 溪畔發現油苗，於是挖掘一口3米深的淺井，日產原油約10公升，挑到市集販售，供人點燈及醫療之用，此為台灣油氣探勘的開端。
觸媒裂解,"任何碳氫化合物在高溫下，必會發生裂解，而使分子量較大之碳氫化合物分裂成二個或二個以上的分子。將加氫脫硫過的VGO或重油，在高溫下經酸性觸媒的催 化，經裂解、重組反應,轉為較輕的油品，以汽油為主要產品(約佔65 vol%)。媒裂汽油含有烯烴與芳香烴具有高辛烷值的特性。"
甜原油 & 酸原油,
基本費,用戶每月支付之固定費用。
石油產品知多少,"以原油為原料，今日已能製成 2,500 種性能相異之不同石油產品，以及 3,000 種以上之石油化學品。

以原油為原料，今日已能製成 2,500 種性能相異之不同石油產品，以及 3,000 種以上之石油化學品。

石油產品雖多，但可分成以下七大類：

1. 氣體類產品　　　　　　　　　　2. 燃料類產品

3. 潤滑油脂　　　　　　　　　　　4. 柏油類產品

5. 溶劑類產品　　　　　　　　　　6. 石油化學品

7. 其他產品

氣體類產品

氣體類產品包括下列各種：

天然氣－天然氣為一種由地下開採之可燃性氣體，其主要成份為甲烷，並含有微量乙烷、丙烷、丁烷、及戊烷等。可作為燃料及工業原料用。由於本地產的天然氣量不足，現已進口液化天然氣 (liquefied natural gas, LNG) 供用。

壓縮天然氣－將天然氣壓縮至 150kg/cm2 或以上而供售者，稱為壓縮天然氣 (compressed natural gas, CNG)，主要供做車輛動力燃料。

液化天然氣—將天然氣壓縮及冷凍後，可變成液化天然氣，以便運輸。

燃料氣及煉油氣－燃料氣 (fuel gas) 及煉油氣 (refinery gas) 均為裂煉、重組、或其他煉油過程之副產品，其中以甲烷、乙烷、丙烷、及丁烷為主，並含有烯屬烴。燃料氣及煉油氣，不但可供燃料之用，而且可作工業原料，製造肥料及石油化學品之用。

丙烷－丙烷 (propane) 為一種沸點為 -43.7℉ 之氣體，可由天然氣或煉油氣中分出，供燃料及工業原料等用。

丁烷－丁烷 (butane) 為一種沸點為 -32℉ 之氣體，亦可由天然氣或煉油氣中分出，供燃料及工業原料等用。

液化石油氣－丙烷、丁烷、或二者混合物，在常溫下雖為氣體，但稍加壓力即易液化為液體，故稱之為液化石油氣 (liquefid petroleum gas, LPG)。液化石油氣多於加壓下裝入鋼瓶，故亦稱之為鋼瓶氣 (bottle gas)。

其他如乙烯、丙烯、丁烯等，雖亦為氣體之石油產品，但多在石油化學品市場上供售，故在分類上，屬於石油化學品類之石油產品。

燃料類產品

石油為主要能源之一，大部份石油產品如汽油、煤油、柴油、航空燃油、燃料油等，都是今日極重要的燃料。燃料類產品，可按煉製方法及用途之不同而分類。

一、按煉製方法及產品性質之不同而分者

蒸餾油與蒸餘油

原油經過分餾後，可以分成兩大部份，其一為氣化後再凝結而成之餾份，稱為蒸餾油 (distillate fuel)，如汽油、煤油、柴油等等。另一為沸點高，成黑色，殘留於分餾塔下部之油份，稱為蒸餘油 (residual fuel 或 residual oil)。

白油與黑油一般而言，白油 (clean oil) 多指蒸餾油，黑油 (dirty oil) 則指原油、蒸餘油、以及蒸餘油與蒸餾油混合而成之中間油品。

輕油與重油

輕油 (light fuel) 一般多指柴油。重油 (heavy fuel) 則指粘度較柴油為高之油料，一般多指燃料油或燃料油與柴油混合而成之中間油料。

二、按用途而分者

汽油

簡言之，自原油提煉出來的極易汽化之油料，稱之為汽油。因為用途之不同，汽油又可分為車用汽油、航空汽油、及無鉛汽油。

車用汽油—

供 車輛作動力燃料用之汽油，稱為車用汽油 (motor gasline, mogas)。又分為高級汽油 (premium gasoline) 及普通汽油 (regular gasoline)。過去車用汽油均加入四乙基鉛以提高其辛烷值，近年來因環保的考慮，汽油中不再加鉛而稱之為無鉛汽油 (unleaded gasoline) ，因辛烷值之不同而有九二無鉛汽油及九五無鉛汽油。

航空汽油－

供航空作動力燃料用之汽油，稱之為航空汽油 (aviation gasoline, avgas)。航空汽油又因辛烷值之不同而分為 100/130 號航空汽油，115/145 號航空汽油等。

無鉛汽油－

在工業方面作溶劑用之汽油不用加入汽油精（即四乙基鉛）。

石腦油

石腦油 (naphtha) 又稱為『輕油』，過去多指沸點高於汽油而低於煤油之餾份；但沸點較此為低或較此為高者，也常稱為石腦油，故石腦油實為一種廣泛之名詞。本公司供應之各種溶劑，亦可視之為各種不同的石腦油。

航空燃油

噴射式飛機用之燃油，通稱為『航空燃油』 (aircraft turbine fuel) 。本公司供應者有JP-5, JP-8，及JET A-1。航空燃油可分為煤油型 (kerosene type) 與汽油煤油型。

煤油

煤油 (kerosene) 又稱為燈油或照明用油，其閃火點多在 110℉ 以上，沸點在 572℉ 以下。煤油之用途過去僅限點燈或照明，今日則用於烹飪或做動力燃料及加熱燃料之用。

柴油

供柴油發電機或柴油引擎用之動力燃料，通稱為柴油 (diesel fuel)。

漁船油。

漁船所裝之引擎，可大別為三種，一為高速柴油引擎，二為低速柴油引擎，三為燒頭式（又稱沖燈式，或半柴油引擎式）引擎。本公司供應的漁船用燃油有甲 種漁船油 (fishing boat fuel, grade A) 及乙種漁船油(grade B) 兩種。甲種漁船油主供漁船高速柴油引擎用，其品質與本公司供應之普通柴油相似。乙種漁船油為黏度較高之燃油，主要供燒頭式引擎及低速柴油引擎作動力燃料之 用。

爐用燃油

爐用燃油 (fuel oil) 主供加熱爐及鍋爐作燃料之用。其種類頗多，包括容易揮發及極難揮發之油料。據美國通用之分類方法，爐用燃油共分為六種，其與本公司產品對照如下：

１號燃油－相當於國光牌煤油

２號燃油－相當於國光牌柴油、高級柴油或普通柴油、甲種漁船油

３號燃油－此種油現已取消

４號燃油－相當於鍋爐用油柴油

５號燃油－相當於國光牌鍋爐用油、乙種漁船油

６號燃油（或Ｃ級重油，bunker C fuel）－相當於國光牌燃料油

以上１號及２號燃油均為蒸餾油，４號、５號、及６號均為蒸餘油或混有蒸餘油油份。

加熱用燃油

寒帶地區冬天家庭取暖用之石油產品，通稱為加熱用燃油 (heating oil)。常用之加熱用燃油為煤油及柴油。

海運燃油

在港口供應遠洋輪船用之燃油通稱為海運燃油 (marine fuel) ，其中包括輕柴油（即高級柴油）、重柴油（即普通柴油）、燃料油、以由燃料油與柴油摻配而成之中間柴油 (intermediate marine diesel fuel)，如：MF-16, MF-30, 60, 80, 100, 120, 150, 180, 280, 380等，MF代表marine fuel，後面之數字為黏度 cSt。

以上除輕柴油及重柴油二者為蒸餾油外，其餘均為蒸餘油。

潤滑油脂

潤滑油脂種類甚多，中油公司供應者約有兩百多種。按其用途可分為：

一、車輛與機動機械用潤滑油脂

包括車用機油（即引擎油）、 齒輪油、潤滑脂及其他潤滑油。使用在：

1.交通及運輸用之大小客車、大小貨車、拖車、消防車、軍用車、清掃車、中小型火車頭、推高機、曳引機、以及機器腳踏車等。

2.工程用之開山機、推土機、動力鏟、挖泥機、平路機、打井機、吊重機、以及曳引機等。

3.農業用之耕耘機、曳引機、其他農業機械等。

其他潤滑油包括自動變速器油、液壓油、防震油、壓縮機油、煞車油等。

二、工業機械用潤滑油脂

有平軸承用、減阻軸承用、齒輪用、液壓系統用、空氣壓縮機用（分往復式、迴轉式與螺旋式）、蒸汽渦輪機用、蒸汽機用、水輪機用、冷凍機用、金屬切割工具機用、金屬加工作業用、及防鏽油等。

三、船舶用潤滑油脂

用於海運輪船者，可分透平電動機船用、蒸汽透平機船用、蒸汽機船用、柴油機船用、及雜項船舶機械用等。另有漁船用潤滑油。

若按油料之狀態而分，則有液體之潤滑油（通稱機油）及半固體之潤滑脂（俗稱黃油、牛油、或黃牛油）。前者以公升計算，而後者則以公斤計算。

因為潤滑油之種類甚多，使用亦甚複雜。關於潤滑油脂之應用，可分為兩種方式說明。一為根據各種潤滑油脂之個別性質，說明其在各方面之應用。另一為根據各種不同設計及不同作業之機械潤滑要求而說明適用之潤滑油脂。

柏油類產品

柏油 (asphalt) 為一種含碳多而含氫少之黑色固體或半固體之石油產品。因為品質及用途之不同，柏油類產品中包括：

1.鋪路柏油－固體柏油，又因硬軟之不同而分為多種。其主要用途為鋪設公路或道路之用。

2.塗料柏油－鋪路柏油為固體，使用時必須加熱；塗 料柏油 (cutback asphalt) 則為柏油與石油溶劑混合製成之液體產品，容易流動，使用時可免加熱。使用塗料柏油之後，其中溶劑逐漸揮發，遂留下強韌之柏油膜。又因所含溶劑揮發快慢之不 同，塗料柏油又分為特快乾、快乾、及慢乾料柏油三小類。每一小類中又按黏度之高低而分為數種。

3.屋頂柏油－供屋頂防水用，質硬而耐熱。

4.防水柏油－建築及堤防防水用。

5.絕緣柏油－電氣器材絕緣用。

6.柏油漆－黑色之保護漆。

溶劑類產品

多數之液體石油產品均可做為商業上重要之溶劑。一般依其用途而分為下列各種：

1.通用溶劑 (multi-purpose mineral spirit)

2.油漆滴劑 (VM & P naphtha)

3.乾洗油 (Stoddard solvent)

4.殺蟲劑溶劑

5.脫臭溶劑

6.橡膠溶劑

7.黏著劑溶劑

8.去漬油

9.揮發油 (light naphtha)

10.石油醚

11.油墨調和油 (ink blending oil)

12.正戊烷、正己烷、正庚烷

13.苯、甲苯、二甲苯

14.醋酸、乙酸乙酯

其中苯、甲苯、及二甲苯，不但是良好的工業用溶劑，也是化學工業之重要原料，一般併入石油化學品中討論。醋酸及乙酸乙酯非直接由原油或石油類產品為原料直接製成，但可間接由其製成，為重要之溶劑或石油化學品。中油公司以前曾由醱酵法生產此兩種溶劑，現已不再生產。

石油化學品

在化學品市場上銷售之石油產品，或以石油產品為原料製成之貨品，均可視之為『石油化學品』 (petrochemicals) 。中油公司供應之石油化學品有乙烯、丙烯、丁二烯、環己烷、苯、甲苯、各種對二甲茉、一氧化碳、及合成氣等。

其他產品

不屬於上述各大類之石油產品，如石蠟、硫磺、碳煙、石油焦等。

資料來源：石油產品及其應用訓練叢書"
GSH酵母菌,作用機轉為吸附體內之自由基，達到抗氧化、提升免疫力、解毒、抗輻射與汙染、心血管疾病保健、預防感染等保健功效。
中油股份有限公司台灣油礦探勘總處,"為了完整記錄台灣石油探勘開發的經過與變遷，並妥善保存重要的文獻史料，中國石油股份有限公司台灣油礦探勘總處，於民國七十年在出礦坑礦場設立油礦開發陳列館。後因參觀來賓日眾，場地不敷使用，乃於現址興建新館，於民國七十九年遷館正式使用，並訂名為台灣油礦陳列館。

本館位於台灣最早發現石油露頭之出磺坑礦場場區內，此地不僅產油歷史悠久，風景更是幽美，在此地設館具有歷史上的紀念意義。本館設有：文獻、測勘、鑽井生產、海域探勘、油氣處理等展覽室及設備完善的多媒體簡報室。

石油探勘是開發地下資源，增進社會經濟繁榮重要的一環，台灣油礦陳列館係將百餘年來台灣的石油開發經過及成果，有系統、有條理的展示介紹。我們竭誠地歡迎您蒞臨參觀指導。

文獻陳列室，珍藏自清朝咸豐末年（西元1861年）台灣最早發現石油露頭，至今一百多年來有關台灣石油探勘、鑽井、開發等重要文件、史料及數百幀重要照片，充分展示出台灣油氣探勘技術及工具的演進過程。

測勘展覽室，展示油氣生成的示意圖、各類地層所含之化石、採集自台灣各地的岩層樣本、各氣田生產層之岩心樣本、各氣田地質構造模型及振盪震源車模型，詳細介紹油氣之生成及各種測勘方法。

鑽井生產展覽室，陳列各種型式的鑽頭、機器設備等，及小型電動鑽機模型、電動抽油泵、油水分離器模型、聖誕樹等各一座，並有多幅電動化的流程圖，配合說明鑽鑿油氣的方法及生產油氣的過程。

民國七十五年長康海域油氣田正式生產，我國石油開發更邁向新的里程。本室陳列栩栩如真的海上鑽井船及生產平台模型，在生動的佈景襯托下，完整表達海域探勘的特色。

油氣處理展覽室，展示各礦場、油氣田所生產的原油樣本及天然氣油廠模型，說明如何提煉及輸送各油井生產的天然氣。

設備完善的簡報室，聲光俱佳，透過內容充實的軟體，做深入淺出的介紹，使你對石油的生成、探勘、開發及利用等過程，有系統的概略認識。

台灣油礦陳列館 (出磺坑礦場)

苗栗縣公館鄉 (36312) 開礦村 36 號

Tel: (037) 221300 ~ 235"
丙烯,主要衍生物為丙烯腈（AN）、丙烯酸酯（Acrylates）、環氧樹酯（Expoxy），異丙醇（IPA）等。
輸氣幹線,從生產廠（場）輸出至供氣地區之長途輸氣主幹管線。
生質柴油(B100),生質柴油是利用廢食用油或是大豆、油菜、向日葵等油脂作物為原料，經過轉酯化反應、中和、水洗及蒸餾等轉換技術所生產出來的油品，是符合能源效益的再生能源。
柏油,柏油是蒸餾原油所剩的塔底油，黑色黏性液體或固體(冷卻後)。
閃火點,可燃性液體在空氣中遇熱後，由液面產生可燃性蒸氣，當火源接近可燃性蒸氣時，使可燃性蒸氣發生閃火的最低可燃性液體溫度，液化石油氣（LPG）閃火點為-74℃，所以極容易著火。
FOB (Free on Board),船上交貨條件，指當貨物在指定裝船港越過船舷時，即完成賣方交貨，自該時點起，買方需負擔貨物滅失或毀損的一切費用及風險。
柴油小常識,"柴油和汽油差別在那裏？
柴油分子比汽油分子大，蒸餾溫度的範圍不同(汽油的終沸點溫度與柴油的初沸點相近)，而且分別使用在柴油和汽油的引擎。

柴油有幾種？
主要用途分類為陸上用及海上用兩大類。陸上用部分，於100年7月1日起環保署規定限用硫含量10 ppm以下之柴油。海上用部分區分為，漁船使用甲種漁船油，一般船舶及國際船舶使用海運柴油。

三種柴油有何差別？
除柴油之重質部份有所差別外，主要差別在硫含量。超級柴油硫含量10 ppm以下，甲種漁船油及海運柴油0.5%以下。

柴油有沒有加添加劑？
本公司超級柴油自103年5月6日起不添加生質柴油，加油站販售之柴油為不含酯類之油品。因柴油中硫含量低於10 ppm，為符合車輛引擎潤滑要求，於油品中添加潤滑添加劑；另自101年12月1日起加入清淨添加劑，以提昇柴油引擎噴嘴之清淨性。

為什麼超級柴油的硫含量那麼低？
因為柴油中的硫份經燃燒後產生之化合物，最終會造成酸雨及腐蝕，故所有先進國家之環保單位均有硫含量的限制。此外，硫份在燃燒後與燃燒所產生的水分結合，產生腐蝕性極高之硫酸類物質會侵蝕機件表面，更會加速機油變質與油泥之形成。

環保署怎樣管制柴油車所使用柴油之硫含量？
環保署除在供油中心、加油站及使用柴油的工廠抽檢外，使用中的車輛也會隨時抽檢。抽檢結果硫含量如果超過10 ppm，每次要罰款十萬元。千萬不要使用來路不明的柴油，以免因小失大。

在中油及正派經營的連鎖加油站以外的地方加柴油有什麼危險性？
有些可能會加到回流的漁船用油。其硫含量約為超級柴油的500倍。
可能買到走私的油，油品品質沒有保障，硫含量可能不符合環保署規定，通常也不會加添加劑以保護您的引擎。
有些是以溶劑和較重質的油摻混而成，品質上不能符合引擎的需要，駕駛性能不好。
曾有人加到含廢酸的溶劑摻混的油，機件完全被腐蝕，請小心！"
甚麼是『汽油添加劑』,"汽油添加劑是一種有機化合物，加入汽油中可減少汽車油路中的積碳現象，保持清淨。

此種添加劑可使進氣系統及油路中的積碳物質從金屬表面脫落，進入引擎燃燒室燒掉，以達到保持進氣系統的乾淨度，並可改善排氣污染，以及防鏽及抗乳化等多種功能，且能提高引擎燃燒性能。

中油公司本著「品質、服務、貢獻」的經營理念，為進一步配合世界油品使用趨勢，在汽油中使用添加劑，以減少車輛因燃燒而產生的積碳現象，改善引擎的燃燒效率，並可降低車輛廢氣的排放污染，如再配合觸媒轉化器的使用，則汽車排氣污染改善效果更佳。

1.汽油引擎車輛經長時間之行駛，會由於氣候、環境變化、油料、引擎設計及駕駛習慣不同之影響，在引擎化油器或噴射頭及進氣閥等進氣系統產生積碳物質，根據國外之經驗及文獻報告，新車約行駛14,000公里後，這些積碳物質會降低車輛之行駛性能及增加排氣污染物質。

2.配備油料噴射系統之噴油器靠近進氣閥，其工作溫度甚高，易造成油料之局部高溫氧化，致使噴油器積碳。

1.降低車輛行駛性能。

2.增加排氣污染物質。

3.增加車輛之耗油。

4.冷車啟動不良，惰轉抖動現象。

5.多點式噴射引擎因設計特殊，前述現象更為敏感。

在歐美地區為解決上述問題，是在汽油中加入添加劑，但各地區及各油公司所採用的配方、劑量因氣候、環境及引擎設計等因素有所不同。

中油公司近年來積極進行實驗室及戶外實車等多方面研究，經測試結果評估出適合國內車輛使用的汽油添加劑配方。使用此種添加劑在短時間內可有效清除 車輛的積碳物質，而長期使用可減少車輛之積碳，並維持引擎性能。根據國外及中油公司對同型添加劑之試驗報告，該添加劑平均可降低車輛排放氣中之碳氫化合物 （HC）10～15％，一氧化碳（CO）20～35％，氮氧化物（NOx）約5％，並可使車輛的耗油量減少3～6％效果。

中油公司一年的汽油銷售量如按四百萬公秉計算，僅添加劑的成本約為新台幣一億多元，所需的輸儲設備及人力成本尚不計算在內。中油公司為回饋社會，提昇環境品質，所有增加的成本全部由中油自行吸收，不轉嫁消費者。

1.中油公司汽油中已添加適量添加劑，車主除原汽車製造商特別推薦外，可不必再添加具有相同功能之添加劑。

2.汽油中加入添加劑後，對車輛觸媒轉化器及廢氣控制設備的使用，不會造成任何不良影響，請顧客放心。

3.中油公司為追蹤使用狀況及其效果，將在各加油站分發問卷調查表，請各位駕駛人配合，以利本項工作的進行。"
石油溶劑,在常溫常壓下，凡是能夠溶解其他物質，且能生成均勻溶液之化合物或混合物均稱為溶劑。由石油精煉而成者通稱為石油溶劑。
重油及油砂,重油(Heavy Oil)、油砂(Tar Sand)及瀝青統稱為重油，加拿大重油之原始蘊藏量，約有2.7兆桶之多 (約為中東之2倍)。大部份分佈在加拿大之Alberta省，由於近年來油價高漲以及採收法提升之應用，使得產率大幅提升數倍甚至數10倍之巨。
加油機簡介,"加油機簡介

油池到加油機之間有二條看不見的管路，一條是油管--即車子加油時，""油""所走的管子；另一條是氣管--在車子加油時產生的油氣，回收進入油池的管子。

加油時，油先經過流量計，流量計為機械運轉，必需經過脈沖發生器，才能將機械動作，轉換成電子訊號，並顯示於螢幕板上。

加油時，油料自油池抽取出來，經由油管輸送至加油機，再經過流量計計量(流量計為機械運轉，必需經過脈沖發生器，才能將機械動作，轉換成電子訊號，並顯示於螢幕板上)，加油人員提起加油槍，拉動連接加油機與油槍間之同軸皮管，按下加油槍開關，為顧客車輛加油。當油料加滿油箱時，加油槍有自動跳停裝置，會自動停止加油，不致油料溢出油箱。

加油槍開關把柄亦有卡榫裝置，當車輛加油數量大時，加油員利用卡榫裝置，不需握著開關把柄即可為顧客加油。

目前使用之加油機，於加油員提起加油槍時，流量計螢幕將自動歸零，加油員按下加油槍開關時，流量計都會從零開始計量；當加油員掛回加油槍至加油機上時，加油機會將車輛所加油品、數量、金額等資訊，傳送至收銀機，收銀機亦自動列出發票，完全不需人工登打作業，節省大量人力，及顧客等待時間。

同軸皮管

我們已知道，油池到加油機之間有二條看不見的管路，一條是油管--即車子加油時，""油""所走的管子；另一條是氣管--在車子加油時產生的油氣，回收進入油池的管子。那加油機為車子加油時，為何只看到一條管子？

原來，自加油機到車子油箱間使用的是同軸皮管，即皮管內有二管路，如右方示意圖，內層管路做為油氣回收用，外層管路則為油管，而加油槍的內部管道構造，與同軸皮管類似，故在車子加油時，可同時回收逸散的油氣。

這裡所提同軸皮管，因內層管路做為油氣回收用，外層管路則為油管，故一般稱為「反向同軸皮管」。

亦有內層管路為油管，外層管路則做為油氣回收用之同軸皮管。"
水平導向鑽掘工法(Horizontal Directional Drilling),水平導向鑽掘工法，簡稱 HDD工法，為利用水平導向鑽掘技術穿越障礙物底部(如河流、港灣、機場、鐵公路、環境保護區)來埋設鋼質管線、聚乙烯管及電纜等。由於它改善了傳統明挖施工法無法穿越障礙物的缺點，因此，此種新穎施工方法已為世界各管線工程界所廣泛採用。
石化工業之污染防治,"政府推動石化工業已逾二十載，二十年來我們的國民所得年年提高，對環境品質的要求也與日俱增，而任何一種經濟活動，大至工廠操作小至路邊飲食攤都對環境造 成污染，因此今天的工業家動輒得咎，每個人都希望享受工業文明而遠離工業污染，所以工業界應該有一個體認，便是在求取利潤之餘尚需對社會大眾負起環境保護 的責任，零污染是不可能的，但應作為最終目標。

因為石化工業乃是資本密集、技術密集的工業，負責人不是政府就是大企業家，都肯為環保投資也肯造福 鄉梓。雖然以單位附加價值來看，石化工業的污染相當低，但為了作其他工業的表率，為了使人民有個富裕且乾淨的環境，以第五輕油裂解的投資計劃為例，不但有 超國家標準之排放規定且根本由設計上去減少污染，以下便是五輕污染防治的重要措施：

水污染防治方面

1.興建兩套密閉式廢水處理系統，每套除能處理輕裂更新計畫工場之排放水外，尚可處理目前部份已有工場之排放水，平時僅用一套，另一套保持備用應變，此系統預計投資新台幣三億餘元。

2.選用世界上最完善的廢氧化設計，其設計容量亦可協助處理現有工場廢。本案並列入污染防治優先案，儘快提前完成，預計投資新台幣壹億餘元。

3.工場設計時即儘量減少排放水，全部排放水均要處理到合格方可排放，對可能帶油的雨水均列入管制規劃。

空氣

空氣污染防治方面

1. 裂解爐使用脫硫後的氣體燃料，大幅降低硫氧化物對空氣的污染。

2. 裂解爐選用特別設計的燃燒器，將氮氧化物的生成降到最少。

3. 轉動機械之軸封改用高級雙套式，避免碳氫化合物之洩漏。工場區全面安裝可燃性氣體偵測器，設備萬一洩漏，立即由偵測警報系統向控制室示警，通知控制人員迅速處理。

4. 裂解爐除集氣體再送入爐膛內完全燃燒，舊場曾發生的油雨事故，新場可完全避免。

5. 廢水系統改以密封設計，逸散氣體，以洗條法除臭，有臭味的硫醇，亦以氧化法處理成無臭之硫化物。

6. 氮氧化物、硫氧化物國家的排放標準分別為一五○ppm及二五○ppm，五輕場規範分別為一百及十ppm（ppm表示百萬分之一）。

噪音

噪音防治方面

1. 場址選用離後勁住宅區較遠的地帶，工場邊界距住宅區三百公尺，廢氣燃燒塔更選在距民宅一千公尺遠之半屏山下，且增設廢氣回收系統及地面燃燒設備來減少噪音。

2. 增加投資額，務期各種易產生噪音之設備改良使其噪音上限為八十五分貝內。

3. 工場設計時即規定使用最少進料開爐方式，減少開爐時之廢氣排放來減少黑煙及噪音。

4. 在後勁東路高雄煉油總廠圍牆外收購土地，規劃六十公尺綠地，種植樹木美化環境及減少噪音，預計噪音可減少九到十分貝。

5. 目前噪音的國家標準，工業區白天為七十五到八十分貝，夜間為七十分貝。五輕在設計時要求廠區周界噪音不論日夜均低於六十五分貝。

我們深深覺得環保和經濟應是齊頭並進的

千萬不能因噎廢食，實際的作法應該是產業界努力生產，賺了錢投資污染防治設備及回饋鄰里，環保專家負責發覺污染，研究污染防治方法，督促產業界實施，這樣我們的經濟才能持續發展，也才能享有高品質的生活。"
瓦斯,一般台灣民眾對氣體燃料無論是液化石油氣(LPG)或天然氣(NG)都以「瓦斯」通稱。事實上，台灣家庭所使用的氣體燃料主要分為二大類，即一般瓦斯行使 用桶裝進行零售的液化石油氣(俗稱桶裝瓦斯)及由瓦斯公司鋪設管道供氣的天然氣(俗稱天然瓦斯)。前者乃丙烷（化學分子式C3H8）及丁烷（化學分子式 C4H10）為主要成份，一般可分開貯存或混合貯存。至於後者，其主要成份則為甲烷（化學分子式CH4）約佔90%以上，其他少量成份為乙烷(化學分子式 C2H6)及丙烷。
